timestamp,pid,cpu_percent,mem_percent,mem_mb,uptime_sec
2026-01-29 21:00:27,1017599,8.4,0.0,7,2,      3
2026-01-29 21:00:29,1017599,5.5,0.0,7,2,      6
2026-01-29 21:00:31,1017599,4.0,0.0,7,2,      8
2026-01-29 21:00:33,1017599,3.2,0.0,7,2,     10
2026-01-29 21:00:35,1017599,3.5,0.0,7,4,     12
2026-01-29 21:00:37,1017599,4.3,0.0,7,5,     14
2026-01-29 21:00:39,1017599,3.8,0.0,7,5,     16
2026-01-29 21:00:41,1017599,3.4,0.0,7,5,     18
2026-01-29 21:00:43,1017599,3.0,0.0,7,5,     20
2026-01-29 21:00:45,1017599,2.7,0.0,7,5,     22
2026-01-29 21:00:47,1017599,3.6,0.0,7,8,     24
2026-01-29 21:00:49,1017599,3.4,0.0,7,8,     26
2026-01-29 21:00:52,1017599,3.2,0.0,7,8,     28
2026-01-29 21:00:54,1017599,3.0,0.0,7,8,     31
2026-01-29 21:00:56,1017599,2.8,0.0,7,8,     33
2026-01-29 21:00:58,1017599,2.7,0.0,7,8,     35
2026-01-29 21:01:00,1017599,3.4,0.0,8,0,     37
2026-01-29 21:01:02,1017599,3.2,0.0,8,0,     39
2026-01-29 21:01:04,1017599,3.0,0.0,8,0,     41
2026-01-29 21:01:06,1017599,2.9,0.0,8,0,     43
2026-01-29 21:01:08,1017599,2.8,0.0,8,0,     45
2026-01-29 21:01:10,1017599,2.9,0.0,8,2,     47
2026-01-29 21:01:12,1017599,3.2,0.0,8,3,     49
2026-01-29 21:01:14,1017599,3.0,0.0,8,3,     51
2026-01-29 21:01:17,1017599,2.9,0.0,8,3,     53
2026-01-29 21:01:19,1017599,2.8,0.0,8,3,     56
2026-01-29 21:01:21,1017599,2.7,0.0,8,3,     58
2026-01-29 21:01:23,1017599,3.1,0.0,8,5,     60
2026-01-29 21:01:25,1017599,3.0,0.0,8,5,     62
2026-01-29 21:01:27,1017599,2.9,0.0,8,5,     64
2026-01-29 21:01:29,1017599,2.8,0.0,8,5,     66
2026-01-29 21:01:31,1017599,2.8,0.0,8,5,     68
2026-01-29 21:01:33,1017599,2.7,0.0,8,6,     70
2026-01-29 21:01:35,1017599,3.1,0.0,8,9,     72
2026-01-29 21:01:38,1017599,3.0,0.0,8,8,     74
2026-01-29 21:01:40,1017599,2.9,0.0,8,8,     77
2026-01-29 21:01:42,1017599,2.9,0.0,8,8,     79
2026-01-29 21:01:44,1017599,2.8,0.0,8,8,     81
2026-01-29 21:01:46,1017599,2.8,0.0,8,9,     83
2026-01-29 21:01:48,1017599,3.0,0.0,9,1,     85
2026-01-29 21:01:50,1017599,3.0,0.0,9,1,     87
2026-01-29 21:01:52,1017599,2.9,0.0,9,1,     89
2026-01-29 21:01:54,1017599,2.8,0.0,9,1,     91
2026-01-29 21:01:56,1017599,2.8,0.0,9,1,     93
2026-01-29 21:01:58,1017599,2.9,0.0,9,2,     95
2026-01-29 21:02:01,1017599,3.0,0.0,9,3,     98
2026-01-29 21:02:03,1017599,3.0,0.0,9,3,    100
2026-01-29 21:02:05,1017599,2.9,0.0,9,3,    102
2026-01-29 21:02:07,1017599,2.8,0.0,9,3,    104
2026-01-29 21:02:09,1017599,2.8,0.0,9,3,    106
2026-01-29 21:02:11,1017599,3.0,0.0,9,6,    108
2026-01-29 21:02:13,1017599,3.0,0.0,9,6,    110
2026-01-29 21:02:15,1017599,2.9,0.0,9,6,    112
2026-01-29 21:02:17,1017599,2.9,0.0,9,6,    114
2026-01-29 21:02:19,1017599,2.8,0.0,9,6,    116
2026-01-29 21:02:21,1017599,2.8,0.0,10,3,    118
2026-01-29 21:02:24,1017599,2.7,0.0,10,3,    121
2026-01-29 21:02:26,1017599,2.7,0.0,10,3,    123
2026-01-29 21:02:28,1017599,2.6,0.0,10,3,    125
2026-01-29 21:02:30,1017599,2.6,0.0,10,3,    127
2026-01-29 21:02:32,1017599,2.6,0.0,10,4,    129
2026-01-29 21:02:34,1017599,2.8,0.0,10,6,    131
2026-01-29 21:02:36,1017599,2.7,0.0,10,6,    133
2026-01-29 21:02:38,1017599,2.7,0.0,10,6,    135
2026-01-29 21:02:40,1017599,2.6,0.0,10,6,    137
2026-01-29 21:02:42,1017599,2.6,0.0,10,6,    139
2026-01-29 21:02:44,1017599,2.7,0.0,10,8,    141
2026-01-29 21:02:47,1017599,2.7,0.0,10,8,    144
2026-01-29 21:02:49,1017599,2.7,0.0,10,8,    146
2026-01-29 21:02:51,1017599,2.7,0.0,10,8,    148
2026-01-29 21:02:53,1017599,2.6,0.0,10,8,    150
2026-01-29 21:02:55,1017599,2.6,0.0,10,8,    152
2026-01-29 21:02:57,1017599,2.8,0.0,11,1,    154
2026-01-29 21:02:59,1017599,2.7,0.0,11,1,    156
2026-01-29 21:03:01,1017599,2.7,0.0,11,1,    158
2026-01-29 21:03:03,1017599,2.6,0.0,11,1,    160
2026-01-29 21:03:05,1017599,2.6,0.0,11,1,    162
2026-01-29 21:03:07,1017599,2.7,0.0,11,2,    164
2026-01-29 21:03:10,1017599,2.8,0.0,11,4,    166
2026-01-29 21:03:12,1017599,2.7,0.0,11,4,    169
2026-01-29 21:03:14,1017599,2.7,0.0,11,4,    171
2026-01-29 21:03:16,1017599,2.7,0.0,11,4,    173
2026-01-29 21:03:18,1017599,2.6,0.0,11,4,    175
2026-01-29 21:03:20,1017599,2.7,0.0,11,6,    177
2026-01-29 21:03:22,1017599,2.7,0.0,11,7,    179
2026-01-29 21:03:24,1017599,2.7,0.0,11,7,    181
2026-01-29 21:03:26,1017599,2.7,0.0,11,7,    183
2026-01-29 21:03:28,1017599,2.7,0.0,11,7,    185
2026-01-29 21:03:30,1017599,2.6,0.0,11,7,    187
2026-01-29 21:03:33,1017599,2.8,0.0,12,0,    189
2026-01-29 21:03:35,1017599,2.7,0.0,11,9,    192
2026-01-29 21:03:37,1017599,2.7,0.0,11,9,    194
2026-01-29 21:03:39,1017599,2.7,0.0,11,9,    196
2026-01-29 21:03:41,1017599,2.7,0.0,11,9,    198
2026-01-29 21:03:43,1017599,2.7,0.0,12,0,    200
2026-01-29 21:03:45,1017599,2.8,0.0,12,2,    202
2026-01-29 21:03:47,1017599,2.7,0.0,12,2,    204
2026-01-29 21:03:49,1017599,2.7,0.0,12,2,    206
2026-01-29 21:03:51,1017599,2.7,0.0,12,2,    208
2026-01-29 21:03:53,1017599,2.6,0.0,12,2,    210
2026-01-29 21:03:55,1017599,2.7,0.0,12,3,    213
2026-01-29 21:03:58,1017599,2.8,0.0,12,5,    215
2026-01-29 21:04:00,1017599,2.9,0.0,12,5,    217
2026-01-29 21:04:02,1017599,2.8,0.0,12,5,    219
2026-01-29 21:04:04,1017599,2.8,0.0,12,5,    221
2026-01-29 21:04:06,1017599,2.8,0.0,12,5,    223
2026-01-29 21:04:08,1017599,2.8,0.0,12,5,    225
2026-01-29 21:04:10,1017599,2.9,0.0,12,7,    227
2026-01-29 21:04:13,1017599,3.0,0.0,12,8,    230
2026-01-29 21:04:15,1017599,3.0,0.0,12,8,    232
2026-01-29 21:04:17,1017599,2.9,0.0,12,8,    234
2026-01-29 21:04:19,1017599,2.9,0.0,12,8,    236
2026-01-29 21:04:21,1017599,2.9,0.0,12,8,    238
2026-01-29 21:04:23,1017599,2.9,0.0,12,9,    240
2026-01-29 21:04:25,1017599,3.0,0.0,13,0,    242
2026-01-29 21:04:27,1017599,3.0,0.0,13,0,    244
2026-01-29 21:04:30,1017599,3.0,0.0,13,0,    247
2026-01-29 21:04:32,1017599,3.0,0.0,13,0,    249
2026-01-29 21:04:34,1017599,3.0,0.0,13,0,    251
2026-01-29 21:04:36,1017599,2.9,0.0,13,0,    253
2026-01-29 21:04:38,1017599,2.9,0.0,13,0,    255
2026-01-29 21:04:40,1017599,2.9,0.0,13,0,    257
2026-01-29 21:04:42,1017599,2.9,0.0,13,0,    259
2026-01-29 21:04:44,1017599,2.9,0.0,13,0,    261
2026-01-29 21:04:46,1017599,2.9,0.0,13,1,    263
2026-01-29 21:04:48,1017599,3.0,0.0,13,1,    265
2026-01-29 21:04:51,1017599,3.0,0.0,13,1,    268
2026-01-29 21:04:53,1017599,3.0,0.0,13,1,    270
2026-01-29 21:04:55,1017599,3.0,0.0,13,1,    272
2026-01-29 21:04:57,1017599,3.0,0.0,13,1,    274
2026-01-29 21:04:59,1017599,2.9,0.0,13,1,    276
2026-01-29 21:05:01,1017599,3.0,0.0,13,1,    278
2026-01-29 21:05:03,1017599,3.1,0.0,13,1,    281
2026-01-29 21:05:06,1017599,3.1,0.0,13,1,    283
2026-01-29 21:05:08,1017599,3.1,0.0,13,1,    285
2026-01-29 21:05:10,1017599,3.1,0.0,13,1,    287
2026-01-29 21:05:12,1017599,3.0,0.0,13,1,    289
2026-01-29 21:05:14,1017599,3.0,0.0,13,1,    291
2026-01-29 21:05:16,1017599,3.1,0.0,13,1,    293
2026-01-29 21:05:18,1017599,3.2,0.0,13,1,    295
2026-01-29 21:05:21,1017599,3.2,0.0,13,1,    297
2026-01-29 21:05:23,1017599,3.2,0.0,13,1,    300
2026-01-29 21:05:25,1017599,3.1,0.0,13,1,    302
2026-01-29 21:05:27,1017599,3.1,0.0,13,1,    304
2026-01-29 21:05:29,1017599,3.1,0.0,13,1,    306
2026-01-29 21:05:31,1017599,3.2,0.0,13,1,    308
2026-01-29 21:05:33,1017599,3.2,0.0,13,1,    310
2026-01-29 21:05:35,1017599,3.2,0.0,13,1,    312
2026-01-29 21:05:37,1017599,3.2,0.0,13,1,    314
2026-01-29 21:05:40,1017599,3.1,0.0,13,1,    317
2026-01-29 21:05:42,1017599,3.1,0.0,13,1,    319
2026-01-29 21:05:44,1017599,3.2,0.0,13,1,    321
2026-01-29 21:05:47,1017599,3.3,0.0,13,1,    324
2026-01-29 21:05:49,1017599,3.3,0.0,13,1,    326
2026-01-29 21:05:51,1017599,3.3,0.0,13,1,    328
2026-01-29 21:05:53,1017599,3.3,0.0,13,1,    330
2026-01-29 21:05:55,1017599,3.2,0.0,13,1,    332
2026-01-29 21:05:57,1017599,3.2,0.0,13,1,    334
2026-01-29 21:06:00,1017599,3.3,0.0,13,1,    337
2026-01-29 21:06:02,1017599,3.4,0.0,13,1,    339
2026-01-29 21:06:04,1017599,3.4,0.0,13,1,    341
2026-01-29 21:06:06,1017599,3.4,0.0,13,1,    343
2026-01-29 21:06:08,1017599,3.4,0.0,13,1,    345
2026-01-29 21:06:10,1017599,3.3,0.0,13,1,    347
2026-01-29 21:06:13,1017599,3.3,0.0,13,1,    350
2026-01-29 21:06:15,1017599,3.4,0.0,13,1,    352
2026-01-29 21:06:18,1017599,3.5,0.0,13,1,    355
2026-01-29 21:06:20,1017599,3.5,0.0,13,1,    357
2026-01-29 21:06:22,1017599,3.5,0.0,13,1,    359
2026-01-29 21:06:24,1017599,3.4,0.0,13,1,    361
2026-01-29 21:06:26,1017599,3.4,0.0,13,1,    363
2026-01-29 21:06:28,1017599,3.4,0.0,13,1,    365
2026-01-29 21:06:30,1017599,3.5,0.0,13,1,    368
2026-01-29 21:06:33,1017599,3.6,0.0,13,1,    370
2026-01-29 21:06:35,1017599,3.6,0.0,13,1,    372
2026-01-29 21:06:37,1017599,3.5,0.0,13,1,    374
2026-01-29 21:06:39,1017599,3.5,0.0,13,1,    376
2026-01-29 21:06:41,1017599,3.5,0.0,13,1,    378
2026-01-29 21:06:43,1017599,3.5,0.0,13,1,    381
2026-01-29 21:06:46,1017599,3.6,0.0,13,2,    383
2026-01-29 21:06:48,1017599,3.7,0.0,13,1,    385
2026-01-29 21:06:50,1017599,3.6,0.0,13,1,    387
2026-01-29 21:06:52,1017599,3.6,0.0,13,1,    389
2026-01-29 21:06:55,1017599,3.6,0.0,13,1,    391
2026-01-29 21:06:57,1017599,3.6,0.0,13,1,    394
2026-01-29 21:06:59,1017599,3.6,0.0,13,2,    396
2026-01-29 21:07:01,1017599,3.7,0.0,13,2,    398
2026-01-29 21:07:03,1017599,3.7,0.0,13,2,    400
2026-01-29 21:07:05,1017599,3.7,0.0,13,2,    402
2026-01-29 21:07:08,1017599,3.7,0.0,13,2,    405
2026-01-29 21:07:10,1017599,3.7,0.0,13,2,    407
2026-01-29 21:07:12,1017599,3.6,0.0,13,2,    409
2026-01-29 21:07:14,1017599,3.6,0.0,13,2,    411
2026-01-29 21:07:16,1017599,3.6,0.0,13,2,    413
2026-01-29 21:07:18,1017599,3.6,0.0,13,2,    415
2026-01-29 21:07:20,1017599,3.6,0.0,13,2,    417
2026-01-29 21:07:22,1017599,3.6,0.0,13,2,    419
2026-01-29 21:07:24,1017599,3.6,0.0,13,2,    422
2026-01-29 21:07:27,1017599,3.7,0.0,13,3,    424
2026-01-29 21:07:29,1017599,3.7,0.0,13,2,    426
2026-01-29 21:07:31,1017599,3.7,0.0,13,2,    428
2026-01-29 21:07:33,1017599,3.7,0.0,13,2,    430
2026-01-29 21:07:35,1017599,3.7,0.0,13,2,    432
2026-01-29 21:07:37,1017599,3.6,0.0,13,2,    434
2026-01-29 21:07:40,1017599,3.7,0.0,13,3,    437
2026-01-29 21:07:42,1017599,3.7,0.0,13,3,    439
2026-01-29 21:07:44,1017599,3.8,0.0,13,2,    441
2026-01-29 21:07:46,1017599,3.8,0.0,13,2,    443
2026-01-29 21:07:48,1017599,3.7,0.0,13,2,    445
2026-01-29 21:07:51,1017599,3.7,0.0,13,2,    447
2026-01-29 21:07:53,1017599,3.7,0.0,13,2,    450
2026-01-29 21:07:55,1017599,3.7,0.0,13,3,    452
2026-01-29 21:07:57,1017599,3.8,0.0,13,3,    454
2026-01-29 21:07:59,1017599,3.8,0.0,13,2,    456
2026-01-29 21:08:02,1017599,3.8,0.0,13,2,    458
2026-01-29 21:08:04,1017599,3.8,0.0,13,2,    461
2026-01-29 21:08:06,1017599,3.8,0.0,13,2,    463
2026-01-29 21:08:08,1017599,3.8,0.0,13,2,    465
2026-01-29 21:08:10,1017599,3.8,0.0,13,3,    467
2026-01-29 21:08:12,1017599,3.8,0.0,13,3,    469
2026-01-29 21:08:15,1017599,3.9,0.0,13,2,    472
2026-01-29 21:08:17,1017599,3.9,0.0,13,2,    474
2026-01-29 21:08:19,1017599,3.8,0.0,13,2,    476
2026-01-29 21:08:21,1017599,3.8,0.0,13,2,    478
2026-01-29 21:08:23,1017599,3.8,0.0,13,2,    480
2026-01-29 21:08:25,1017599,3.8,0.0,13,3,    482
2026-01-29 21:08:27,1017599,3.8,0.0,13,2,    484
2026-01-29 21:08:29,1017599,3.8,0.0,13,2,    486
2026-01-29 21:08:31,1017599,3.8,0.0,13,2,    488
2026-01-29 21:08:33,1017599,3.8,0.0,13,2,    490
2026-01-29 21:08:35,1017599,3.8,0.0,13,2,    492
2026-01-29 21:08:38,1017599,3.8,0.0,13,3,    495
2026-01-29 21:08:40,1017599,3.8,0.0,13,3,    497
2026-01-29 21:08:42,1017599,3.8,0.0,13,3,    499
2026-01-29 21:08:44,1017599,3.8,0.0,13,3,    501
2026-01-29 21:08:46,1017599,3.8,0.0,13,3,    503
2026-01-29 21:08:48,1017599,3.8,0.0,13,3,    505
2026-01-29 21:08:50,1017599,3.8,0.0,13,3,    507
2026-01-29 21:08:52,1017599,3.8,0.0,13,3,    509
2026-01-29 21:08:54,1017599,3.8,0.0,13,3,    511
2026-01-29 21:08:56,1017599,3.7,0.0,13,3,    513
2026-01-29 21:08:59,1017599,3.7,0.0,13,3,    515
2026-01-29 21:09:01,1017599,3.7,0.0,13,3,    518
2026-01-29 21:09:03,1017599,3.8,0.0,13,3,    520
2026-01-29 21:09:05,1017599,3.8,0.0,13,3,    522
2026-01-29 21:09:07,1017599,3.8,0.0,13,3,    524
2026-01-29 21:09:09,1017599,3.8,0.0,13,3,    526
2026-01-29 21:09:12,1017599,3.8,0.0,13,3,    528
2026-01-29 21:09:14,1017599,3.8,0.0,13,3,    531
2026-01-29 21:09:16,1017599,3.8,0.0,13,3,    533
2026-01-29 21:09:18,1017599,3.9,0.0,13,3,    535
2026-01-29 21:09:21,1017599,3.9,0.0,13,3,    538
2026-01-29 21:09:23,1017599,3.8,0.0,13,3,    540
2026-01-29 21:09:25,1017599,3.8,0.0,13,3,    542
2026-01-29 21:09:27,1017599,3.8,0.0,13,3,    544
2026-01-29 21:09:29,1017599,3.8,0.0,13,3,    546
2026-01-29 21:09:31,1017599,3.9,0.0,13,3,    548
2026-01-29 21:09:33,1017599,3.9,0.0,13,3,    550
2026-01-29 21:09:36,1017599,3.9,0.0,13,3,    553
2026-01-29 21:09:38,1017599,3.9,0.0,13,3,    555
2026-01-29 21:09:40,1017599,3.9,0.0,13,3,    557
2026-01-29 21:09:42,1017599,3.9,0.0,13,3,    559
2026-01-29 21:09:44,1017599,3.8,0.0,13,3,    561
2026-01-29 21:09:46,1017599,3.8,0.0,13,3,    563
2026-01-29 21:09:48,1017599,3.8,0.0,13,3,    565
2026-01-29 21:09:50,1017599,3.8,0.0,13,3,    567
2026-01-29 21:09:52,1017599,3.8,0.0,13,3,    569
2026-01-29 21:09:55,1017599,3.8,0.0,13,4,    572
2026-01-29 21:09:57,1017599,3.8,0.0,13,4,    574
2026-01-29 21:09:59,1017599,3.9,0.0,13,4,    576
2026-01-29 21:10:01,1017599,3.9,0.0,13,4,    578
2026-01-29 21:10:03,1017599,3.9,0.0,13,4,    580
2026-01-29 21:10:06,1017599,3.8,0.0,13,4,    582
2026-01-29 21:10:08,1017599,3.8,0.0,13,4,    585
2026-01-29 21:10:10,1017599,3.8,0.0,13,4,    587
2026-01-29 21:10:12,1017599,3.9,0.0,13,4,    589
2026-01-29 21:10:14,1017599,3.9,0.0,13,4,    591
2026-01-29 21:10:16,1017599,3.9,0.0,13,4,    593
2026-01-29 21:10:19,1017599,3.9,0.0,13,4,    595
2026-01-29 21:10:21,1017599,3.9,0.0,13,4,    598
2026-01-29 21:10:23,1017599,3.9,0.0,13,4,    600
2026-01-29 21:10:25,1017599,3.9,0.0,13,4,    602
2026-01-29 21:10:27,1017599,3.9,0.0,13,4,    604
2026-01-29 21:10:29,1017599,3.9,0.0,13,4,    606
2026-01-29 21:10:31,1017599,3.9,0.0,13,4,    608
2026-01-29 21:10:34,1017599,3.9,0.0,13,4,    610
2026-01-29 21:10:36,1017599,3.9,0.0,13,4,    613
2026-01-29 21:10:38,1017599,3.9,0.0,13,4,    615
2026-01-29 21:10:40,1017599,3.9,0.0,13,4,    617
2026-01-29 21:10:42,1017599,4.0,0.0,13,4,    619
2026-01-29 21:10:45,1017599,4.0,0.0,13,4,    621
2026-01-29 21:10:47,1017599,4.0,0.0,13,4,    624
2026-01-29 21:10:49,1017599,3.9,0.0,13,4,    626
2026-01-29 21:10:51,1017599,3.9,0.0,13,4,    628
2026-01-29 21:10:53,1017599,3.9,0.0,13,4,    630
2026-01-29 21:10:55,1017599,4.0,0.0,13,4,    632
2026-01-29 21:10:57,1017599,4.0,0.0,13,4,    634
2026-01-29 21:11:00,1017599,4.0,0.0,13,4,    637
2026-01-29 21:11:02,1017599,4.0,0.0,13,4,    639
2026-01-29 21:11:04,1017599,4.0,0.0,13,4,    641
2026-01-29 21:11:06,1017599,4.0,0.0,13,4,    643
2026-01-29 21:11:08,1017599,4.0,0.0,13,4,    645
2026-01-29 21:11:10,1017599,4.0,0.0,13,4,    647
2026-01-29 21:11:13,1017599,4.0,0.0,13,4,    650
2026-01-29 21:11:15,1017599,4.0,0.0,13,4,    652
2026-01-29 21:11:17,1017599,4.0,0.0,13,4,    654
2026-01-29 21:11:19,1017599,4.0,0.0,13,4,    656
2026-01-29 21:11:21,1017599,4.0,0.0,13,4,    658
2026-01-29 21:11:23,1017599,4.0,0.0,13,4,    660
2026-01-29 21:11:26,1017599,4.0,0.0,13,4,    663
2026-01-29 21:11:28,1017599,4.1,0.0,13,4,    665
2026-01-29 21:11:30,1017599,4.0,0.0,13,4,    667
2026-01-29 21:11:32,1017599,4.0,0.0,13,4,    669
2026-01-29 21:11:34,1017599,4.0,0.0,13,4,    671
2026-01-29 21:11:36,1017599,4.0,0.0,13,4,    673
2026-01-29 21:11:39,1017599,4.0,0.0,13,4,    676
2026-01-29 21:11:41,1017599,4.1,0.0,13,4,    678
2026-01-29 21:11:43,1017599,4.1,0.0,13,4,    680
2026-01-29 21:11:45,1017599,4.1,0.0,13,4,    682
2026-01-29 21:11:47,1017599,4.1,0.0,13,4,    684
2026-01-29 21:11:49,1017599,4.0,0.0,13,4,    686
2026-01-29 21:11:51,1017599,4.0,0.0,13,4,    688
2026-01-29 21:11:54,1017599,4.1,0.0,13,4,    691
2026-01-29 21:11:56,1017599,4.1,0.0,13,4,    693
2026-01-29 21:11:58,1017599,4.1,0.0,13,4,    695
2026-01-29 21:12:01,1017599,4.1,0.0,13,4,    697
2026-01-29 21:12:03,1017599,4.1,0.0,13,4,    700
2026-01-29 21:12:05,1017599,4.1,0.0,13,4,    702
2026-01-29 21:12:07,1017599,4.1,0.0,13,4,    704
2026-01-29 21:12:09,1017599,4.1,0.0,13,4,    706
2026-01-29 21:12:11,1017599,4.1,0.0,13,5,    708
2026-01-29 21:12:14,1017599,4.1,0.0,13,4,    711
2026-01-29 21:12:16,1017599,4.1,0.0,13,4,    713
2026-01-29 21:12:18,1017599,4.1,0.0,13,4,    715
2026-01-29 21:12:20,1017599,4.1,0.0,13,4,    717
2026-01-29 21:12:22,1017599,4.1,0.0,13,4,    719
2026-01-29 21:12:24,1017599,4.1,0.0,13,4,    721
2026-01-29 21:12:26,1017599,4.1,0.0,13,4,    723
2026-01-29 21:12:28,1017599,4.0,0.0,13,4,    725
2026-01-29 21:12:30,1017599,4.0,0.0,13,4,    727
2026-01-29 21:12:32,1017599,4.0,0.0,13,4,    729
2026-01-29 21:12:35,1017599,4.1,0.0,13,4,    732
2026-01-29 21:12:37,1017599,4.1,0.0,13,4,    734
2026-01-29 21:12:39,1017599,4.1,0.0,13,4,    736
2026-01-29 21:12:41,1017599,4.1,0.0,13,4,    738
2026-01-29 21:12:43,1017599,4.1,0.0,13,4,    740
2026-01-29 21:12:45,1017599,4.1,0.0,13,4,    742
2026-01-29 21:12:48,1017599,4.0,0.0,13,4,    744
2026-01-29 21:12:50,1017599,4.1,0.0,13,5,    747
2026-01-29 21:12:52,1017599,4.1,0.0,13,5,    749
2026-01-29 21:12:54,1017599,4.1,0.0,13,4,    751
2026-01-29 21:12:56,1017599,4.1,0.0,13,4,    753
2026-01-29 21:12:58,1017599,4.1,0.0,13,4,    755
2026-01-29 21:13:01,1017599,4.1,0.0,13,4,    757
2026-01-29 21:13:03,1017599,4.1,0.0,13,5,    760
2026-01-29 21:13:05,1017599,4.1,0.0,13,5,    762
2026-01-29 21:13:07,1017599,4.1,0.0,13,4,    764
2026-01-29 21:13:09,1017599,4.1,0.0,13,4,    766
2026-01-29 21:13:11,1017599,4.1,0.0,13,4,    768
2026-01-29 21:13:14,1017599,4.1,0.0,13,4,    770
2026-01-29 21:13:16,1017599,4.1,0.0,13,4,    773
2026-01-29 21:13:18,1017599,4.1,0.0,13,5,    775
2026-01-29 21:13:20,1017599,4.1,0.0,13,4,    777
2026-01-29 21:13:22,1017599,4.1,0.0,13,4,    779
2026-01-29 21:13:24,1017599,4.1,0.0,13,4,    781
2026-01-29 21:13:26,1017599,4.1,0.0,13,4,    783
2026-01-29 21:13:28,1017599,4.1,0.0,13,4,    785
2026-01-29 21:13:30,1017599,4.1,0.0,13,5,    787
2026-01-29 21:13:32,1017599,4.1,0.0,13,4,    789
2026-01-29 21:13:34,1017599,4.1,0.0,13,4,    791
2026-01-29 21:13:37,1017599,4.1,0.0,13,4,    793
2026-01-29 21:13:39,1017599,4.1,0.0,13,4,    796
2026-01-29 21:13:41,1017599,4.1,0.0,13,5,    798
2026-01-29 21:13:43,1017599,4.1,0.0,13,4,    800
2026-01-29 21:13:45,1017599,4.1,0.0,13,4,    802
2026-01-29 21:13:47,1017599,4.1,0.0,13,4,    804
2026-01-29 21:13:49,1017599,4.1,0.0,13,4,    806
2026-01-29 21:13:51,1017599,4.0,0.0,13,4,    808
2026-01-29 21:13:53,1017599,4.1,0.0,13,5,    810
2026-01-29 21:13:55,1017599,4.1,0.0,13,4,    812
2026-01-29 21:13:58,1017599,4.1,0.0,13,4,    815
2026-01-29 21:14:00,1017599,4.0,0.0,13,4,    817
2026-01-29 21:14:02,1017599,4.0,0.0,13,4,    819
2026-01-29 21:14:04,1017599,4.0,0.0,13,4,    821
2026-01-29 21:14:06,1017599,4.0,0.0,13,5,    823
2026-01-29 21:14:08,1017599,4.0,0.0,13,4,    825
2026-01-29 21:14:10,1017599,4.0,0.0,13,4,    827
2026-01-29 21:14:12,1017599,4.0,0.0,13,4,    829
2026-01-29 21:14:14,1017599,4.0,0.0,13,4,    831
2026-01-29 21:14:16,1017599,4.0,0.0,13,5,    833
2026-01-29 21:14:19,1017599,4.0,0.0,13,5,    836
2026-01-29 21:14:21,1017599,4.1,0.0,13,5,    838
2026-01-29 21:14:23,1017599,4.1,0.0,13,4,    840
2026-01-29 21:14:25,1017599,4.0,0.0,13,4,    842
2026-01-29 21:14:27,1017599,4.0,0.0,13,4,    844
2026-01-29 21:14:29,1017599,4.0,0.0,13,4,    846
2026-01-29 21:14:31,1017599,4.0,0.0,13,5,    848
2026-01-29 21:14:34,1017599,4.1,0.0,13,5,    851
2026-01-29 21:14:36,1017599,4.1,0.0,13,4,    853
2026-01-29 21:14:38,1017599,4.1,0.0,13,4,    855
2026-01-29 21:14:41,1017599,4.1,0.0,13,4,    857
2026-01-29 21:14:43,1017599,4.1,0.0,13,4,    860
2026-01-29 21:14:45,1017599,4.1,0.0,13,4,    862
2026-01-29 21:14:47,1017599,4.0,0.0,13,4,    864
2026-01-29 21:14:49,1017599,4.0,0.0,13,4,    866
2026-01-29 21:14:51,1017599,4.0,0.0,13,4,    868
2026-01-29 21:14:53,1017599,4.0,0.0,13,4,    870
2026-01-29 21:14:55,1017599,4.0,0.0,13,4,    872
2026-01-29 21:14:57,1017599,4.0,0.0,13,5,    875
2026-01-29 21:15:00,1017599,4.0,0.0,13,5,    877
2026-01-29 21:15:02,1017599,4.1,0.0,13,4,    879
2026-01-29 21:15:04,1017599,4.1,0.0,13,4,    881
2026-01-29 21:15:06,1017599,4.1,0.0,13,4,    883
2026-01-29 21:15:09,1017599,4.0,0.0,13,4,    885
2026-01-29 21:15:11,1017599,4.0,0.0,13,4,    888
2026-01-29 21:15:13,1017599,4.0,0.0,13,5,    890
2026-01-29 21:15:15,1017599,4.1,0.0,13,5,    892
2026-01-29 21:15:17,1017599,4.1,0.0,13,4,    894
2026-01-29 21:15:19,1017599,4.1,0.0,13,4,    896
2026-01-29 21:15:21,1017599,4.1,0.0,13,4,    898
2026-01-29 21:15:24,1017599,4.1,0.0,13,4,    900
2026-01-29 21:15:26,1017599,4.0,0.0,13,4,    903
2026-01-29 21:15:28,1017599,4.1,0.0,13,5,    905
2026-01-29 21:15:30,1017599,4.1,0.0,13,5,    907
2026-01-29 21:15:32,1017599,4.1,0.0,13,4,    909
2026-01-29 21:15:34,1017599,4.1,0.0,13,4,    911
2026-01-29 21:15:37,1017599,4.1,0.0,13,4,    913
2026-01-29 21:15:39,1017599,4.1,0.0,13,4,    916
2026-01-29 21:15:41,1017599,4.1,0.0,13,4,    918
2026-01-29 21:15:43,1017599,4.1,0.0,13,5,    920
2026-01-29 21:15:45,1017599,4.1,0.0,13,5,    922
2026-01-29 21:15:47,1017599,4.1,0.0,13,4,    924
2026-01-29 21:15:49,1017599,4.1,0.0,13,4,    926
2026-01-29 21:15:52,1017599,4.1,0.0,13,4,    928
2026-01-29 21:15:54,1017599,4.1,0.0,13,4,    931
2026-01-29 21:15:56,1017599,4.1,0.0,13,5,    933
2026-01-29 21:15:58,1017599,4.1,0.0,13,5,    935
2026-01-29 21:16:00,1017599,4.1,0.0,13,4,    937
2026-01-29 21:16:03,1017599,4.1,0.0,13,4,    939
2026-01-29 21:16:05,1017599,4.1,0.0,13,4,    942
2026-01-29 21:16:07,1017599,4.1,0.0,13,4,    944
2026-01-29 21:16:09,1017599,4.1,0.0,13,4,    946
2026-01-29 21:16:11,1017599,4.1,0.0,13,5,    948
2026-01-29 21:16:13,1017599,4.1,0.0,13,5,    950
2026-01-29 21:16:15,1017599,4.1,0.0,13,4,    952
2026-01-29 21:16:17,1017599,4.1,0.0,13,4,    954
2026-01-29 21:16:20,1017599,4.1,0.0,13,4,    957
2026-01-29 21:16:22,1017599,4.1,0.0,13,4,    959
2026-01-29 21:16:24,1017599,4.1,0.0,13,4,    961
2026-01-29 21:16:26,1017599,4.1,0.0,13,5,    963
2026-01-29 21:16:28,1017599,4.2,0.0,13,5,    965
2026-01-29 21:16:30,1017599,4.2,0.0,13,5,    967
2026-01-29 21:16:33,1017599,4.1,0.0,13,5,    969
2026-01-29 21:16:35,1017599,4.1,0.0,13,5,    972
2026-01-29 21:16:37,1017599,4.1,0.0,13,5,    974
2026-01-29 21:16:39,1017599,4.1,0.0,13,5,    976
2026-01-29 21:16:41,1017599,4.2,0.0,13,5,    978
2026-01-29 21:16:43,1017599,4.2,0.0,13,5,    980
2026-01-29 21:16:45,1017599,4.2,0.0,13,5,    982
2026-01-29 21:16:47,1017599,4.2,0.0,13,5,    984
2026-01-29 21:16:50,1017599,4.2,0.0,13,5,    986
2026-01-29 21:16:52,1017599,4.1,0.0,13,5,    989
2026-01-29 21:16:54,1017599,4.1,0.0,13,5,    991
2026-01-29 21:16:56,1017599,4.2,0.0,13,5,    993
2026-01-29 21:16:58,1017599,4.2,0.0,13,5,    995
2026-01-29 21:17:00,1017599,4.1,0.0,13,5,    997
2026-01-29 21:17:02,1017599,4.1,0.0,13,5,    999
2026-01-29 21:17:04,1017599,4.1,0.0,13,5,   1001
2026-01-29 21:17:06,1017599,4.1,0.0,13,5,   1003
2026-01-29 21:17:08,1017599,4.1,0.0,13,5,   1005
2026-01-29 21:17:11,1017599,4.1,0.0,13,5,   1007
2026-01-29 21:17:13,1017599,4.1,0.0,13,5,   1009
2026-01-29 21:17:15,1017599,4.1,0.0,13,5,   1012
2026-01-29 21:17:17,1017599,4.1,0.0,13,5,   1014
2026-01-29 21:17:19,1017599,4.1,0.0,13,5,   1016
2026-01-29 21:17:21,1017599,4.1,0.0,13,5,   1018
2026-01-29 21:17:23,1017599,4.1,0.0,13,5,   1020
2026-01-29 21:17:25,1017599,4.1,0.0,13,5,   1022
2026-01-29 21:17:27,1017599,4.1,0.0,13,5,   1024
2026-01-29 21:17:29,1017599,4.1,0.0,13,5,   1026
2026-01-29 21:17:31,1017599,4.1,0.0,13,5,   1028
2026-01-29 21:17:33,1017599,4.1,0.0,13,5,   1030
2026-01-29 21:17:36,1017599,4.1,0.0,13,5,   1032
2026-01-29 21:17:38,1017599,4.1,0.0,13,5,   1035
2026-01-29 21:17:40,1017599,4.1,0.0,13,5,   1037
2026-01-29 21:17:42,1017599,4.1,0.0,13,5,   1039
2026-01-29 21:17:44,1017599,4.1,0.0,13,5,   1041
2026-01-29 21:17:46,1017599,4.1,0.0,13,5,   1043
2026-01-29 21:17:48,1017599,4.1,0.0,13,5,   1045
2026-01-29 21:17:51,1017599,4.1,0.0,13,5,   1047
2026-01-29 21:17:53,1017599,4.1,0.0,13,5,   1050
2026-01-29 21:17:55,1017599,4.1,0.0,13,5,   1052
2026-01-29 21:17:57,1017599,4.1,0.0,13,5,   1054
2026-01-29 21:17:59,1017599,4.1,0.0,13,5,   1056
2026-01-29 21:18:01,1017599,4.1,0.0,13,5,   1058
2026-01-29 21:18:03,1017599,4.1,0.0,13,5,   1060
2026-01-29 21:18:06,1017599,4.1,0.0,13,5,   1063
2026-01-29 21:18:08,1017599,4.1,0.0,13,5,   1065
2026-01-29 21:18:10,1017599,4.1,0.0,13,5,   1067
2026-01-29 21:18:12,1017599,4.1,0.0,13,5,   1069
2026-01-29 21:18:14,1017599,4.1,0.0,13,5,   1071
2026-01-29 21:18:17,1017599,4.1,0.0,13,5,   1073
2026-01-29 21:18:19,1017599,4.1,0.0,13,5,   1076
2026-01-29 21:18:21,1017599,4.1,0.0,13,5,   1078
2026-01-29 21:18:23,1017599,4.1,0.0,13,5,   1080
2026-01-29 21:18:25,1017599,4.1,0.0,13,5,   1082
2026-01-29 21:18:27,1017599,4.1,0.0,13,5,   1084
2026-01-29 21:18:30,1017599,4.1,0.0,13,5,   1086
2026-01-29 21:18:32,1017599,4.1,0.0,13,5,   1089
2026-01-29 21:18:34,1017599,4.1,0.0,13,5,   1091
2026-01-29 21:18:36,1017599,4.1,0.0,13,5,   1093
2026-01-29 21:18:38,1017599,4.1,0.0,13,5,   1095
2026-01-29 21:18:40,1017599,4.2,0.0,13,5,   1097
2026-01-29 21:18:43,1017599,4.1,0.0,13,5,   1099
2026-01-29 21:18:45,1017599,4.1,0.0,13,5,   1102
2026-01-29 21:18:47,1017599,4.1,0.0,13,5,   1104
2026-01-29 21:18:49,1017599,4.1,0.0,13,5,   1106
2026-01-29 21:18:51,1017599,4.1,0.0,13,5,   1108
2026-01-29 21:18:53,1017599,4.2,0.0,13,5,   1110
2026-01-29 21:18:55,1017599,4.2,0.0,13,5,   1112
2026-01-29 21:18:58,1017599,4.2,0.0,13,5,   1114
2026-01-29 21:19:00,1017599,4.1,0.0,13,5,   1117
2026-01-29 21:19:02,1017599,4.1,0.0,13,5,   1119
2026-01-29 21:19:04,1017599,4.1,0.0,13,5,   1121
2026-01-29 21:19:06,1017599,4.1,0.0,13,5,   1123
2026-01-29 21:19:08,1017599,4.2,0.0,13,5,   1126
2026-01-29 21:19:11,1017599,4.2,0.0,13,5,   1128
2026-01-29 21:19:13,1017599,4.2,0.0,13,5,   1130
2026-01-29 21:19:15,1017599,4.2,0.0,13,5,   1132
2026-01-29 21:19:17,1017599,4.2,0.0,13,5,   1134
2026-01-29 21:19:19,1017599,4.1,0.0,13,5,   1136
2026-01-29 21:19:21,1017599,4.2,0.0,13,5,   1138
2026-01-29 21:19:23,1017599,4.2,0.0,13,5,   1141
2026-01-29 21:19:26,1017599,4.2,0.0,13,5,   1143
2026-01-29 21:19:28,1017599,4.2,0.0,13,5,   1145
2026-01-29 21:19:30,1017599,4.2,0.0,13,5,   1147
2026-01-29 21:19:32,1017599,4.2,0.0,13,5,   1149
2026-01-29 21:19:34,1017599,4.2,0.0,13,5,   1152
2026-01-29 21:19:37,1017599,4.2,0.0,13,5,   1154
2026-01-29 21:19:39,1017599,4.2,0.0,13,5,   1156
2026-01-29 21:19:41,1017599,4.2,0.0,13,5,   1158
2026-01-29 21:19:43,1017599,4.2,0.0,13,5,   1160
2026-01-29 21:19:45,1017599,4.2,0.0,13,5,   1162
2026-01-29 21:19:47,1017599,4.2,0.0,13,5,   1164
2026-01-29 21:19:50,1017599,4.2,0.0,13,5,   1167
2026-01-29 21:19:52,1017599,4.2,0.0,13,5,   1169
2026-01-29 21:19:54,1017599,4.2,0.0,13,5,   1171
2026-01-29 21:19:56,1017599,4.1,0.0,13,5,   1173
2026-01-29 21:19:58,1017599,4.1,0.0,13,5,   1175
2026-01-29 21:20:00,1017599,4.2,0.0,13,5,   1178
2026-01-29 21:20:03,1017599,4.2,0.0,13,5,   1180
2026-01-29 21:20:05,1017599,4.2,0.0,13,5,   1182
2026-01-29 21:20:07,1017599,4.2,0.0,13,5,   1184
2026-01-29 21:20:09,1017599,4.2,0.0,13,5,   1186
2026-01-29 21:20:11,1017599,4.2,0.0,13,5,   1188
2026-01-29 21:20:13,1017599,4.1,0.0,13,5,   1190
2026-01-29 21:20:16,1017599,4.2,0.0,13,5,   1193
2026-01-29 21:20:18,1017599,4.2,0.0,13,5,   1195
2026-01-29 21:20:20,1017599,4.2,0.0,13,5,   1197
2026-01-29 21:20:22,1017599,4.2,0.0,13,5,   1199
2026-01-29 21:20:25,1017599,4.2,0.0,13,5,   1201
2026-01-29 21:20:27,1017599,4.2,0.0,13,5,   1204
2026-01-29 21:20:29,1017599,4.2,0.0,13,5,   1206
2026-01-29 21:20:31,1017599,4.2,0.0,13,5,   1208
2026-01-29 21:20:33,1017599,4.2,0.0,13,5,   1210
2026-01-29 21:20:35,1017599,4.2,0.0,13,5,   1212
2026-01-29 21:20:37,1017599,4.2,0.0,13,5,   1214
2026-01-29 21:20:39,1017599,4.2,0.0,13,5,   1216
2026-01-29 21:20:41,1017599,4.2,0.0,13,5,   1218
2026-01-29 21:20:44,1017599,4.2,0.0,13,5,   1221
2026-01-29 21:20:46,1017599,4.2,0.0,13,6,   1223
2026-01-29 21:20:48,1017599,4.2,0.0,13,5,   1225
2026-01-29 21:20:50,1017599,4.2,0.0,13,5,   1227
2026-01-29 21:20:52,1017599,4.2,0.0,13,5,   1229
2026-01-29 21:20:54,1017599,4.2,0.0,13,5,   1231
2026-01-29 21:20:56,1017599,4.2,0.0,13,5,   1233
2026-01-29 21:20:59,1017599,4.2,0.0,13,6,   1236
2026-01-29 21:21:01,1017599,4.2,0.0,13,6,   1238
2026-01-29 21:21:03,1017599,4.2,0.0,13,5,   1240
2026-01-29 21:21:05,1017599,4.2,0.0,13,5,   1242
2026-01-29 21:21:07,1017599,4.2,0.0,13,5,   1244
2026-01-29 21:21:10,1017599,4.2,0.0,13,5,   1247
2026-01-29 21:21:12,1017599,4.2,0.0,13,5,   1249
2026-01-29 21:21:14,1017599,4.2,0.0,13,6,   1251
2026-01-29 21:21:16,1017599,4.2,0.0,13,6,   1253
2026-01-29 21:21:18,1017599,4.2,0.0,13,5,   1255
2026-01-29 21:21:20,1017599,4.2,0.0,13,5,   1257
2026-01-29 21:21:22,1017599,4.2,0.0,13,5,   1259
2026-01-29 21:21:25,1017599,4.2,0.0,13,5,   1261
2026-01-29 21:21:27,1017599,4.2,0.0,13,6,   1264
2026-01-29 21:21:29,1017599,4.2,0.0,13,6,   1266
2026-01-29 21:21:31,1017599,4.2,0.0,13,5,   1268
2026-01-29 21:21:33,1017599,4.2,0.0,13,5,   1270
2026-01-29 21:21:35,1017599,4.2,0.0,13,5,   1272
2026-01-29 21:21:37,1017599,4.2,0.0,13,5,   1274
2026-01-29 21:21:39,1017599,4.2,0.0,13,5,   1276
2026-01-29 21:21:42,1017599,4.2,0.0,13,6,   1279
2026-01-29 21:21:44,1017599,4.2,0.0,13,5,   1281
2026-01-29 21:21:46,1017599,4.2,0.0,13,5,   1283
2026-01-29 21:21:48,1017599,4.2,0.0,13,5,   1285
2026-01-29 21:21:50,1017599,4.2,0.0,13,5,   1287
2026-01-29 21:21:52,1017599,4.2,0.0,13,5,   1289
2026-01-29 21:21:54,1017599,4.2,0.0,13,6,   1291
2026-01-29 21:21:57,1017599,4.2,0.0,13,6,   1294
2026-01-29 21:21:59,1017599,4.2,0.0,13,5,   1296
2026-01-29 21:22:01,1017599,4.2,0.0,13,5,   1298
2026-01-29 21:22:03,1017599,4.2,0.0,13,5,   1300
2026-01-29 21:22:05,1017599,4.2,0.0,13,5,   1302
2026-01-29 21:22:07,1017599,4.2,0.0,13,5,   1304
2026-01-29 21:22:09,1017599,4.2,0.0,13,6,   1306
2026-01-29 21:22:12,1017599,4.2,0.0,13,5,   1309
2026-01-29 21:22:14,1017599,4.2,0.0,13,5,   1311
2026-01-29 21:22:16,1017599,4.2,0.0,13,5,   1313
2026-01-29 21:22:18,1017599,4.2,0.0,13,5,   1315
2026-01-29 21:22:20,1017599,4.2,0.0,13,5,   1317
2026-01-29 21:22:22,1017599,4.2,0.0,13,5,   1319
2026-01-29 21:22:24,1017599,4.2,0.0,13,5,   1321
2026-01-29 21:22:26,1017599,4.2,0.0,13,5,   1323
2026-01-29 21:22:28,1017599,4.2,0.0,13,5,   1325
2026-01-29 21:22:30,1017599,4.2,0.0,13,5,   1327
2026-01-29 21:22:32,1017599,4.2,0.0,13,6,   1330
2026-01-29 21:22:35,1017599,4.2,0.0,13,6,   1332
2026-01-29 21:22:37,1017599,4.2,0.0,13,5,   1334
2026-01-29 21:22:39,1017599,4.2,0.0,13,5,   1336
2026-01-29 21:22:41,1017599,4.2,0.0,13,5,   1338
2026-01-29 21:22:43,1017599,4.2,0.0,13,5,   1340
2026-01-29 21:22:45,1017599,4.2,0.0,13,5,   1342
2026-01-29 21:22:47,1017599,4.2,0.0,13,6,   1345
2026-01-29 21:22:50,1017599,4.2,0.0,13,5,   1347
2026-01-29 21:22:52,1017599,4.2,0.0,13,5,   1349
2026-01-29 21:22:54,1017599,4.2,0.0,13,5,   1351
2026-01-29 21:22:56,1017599,4.2,0.0,13,5,   1353
2026-01-29 21:22:58,1017599,4.2,0.0,13,5,   1355
2026-01-29 21:23:00,1017599,4.2,0.0,13,6,   1357
2026-01-29 21:23:02,1017599,4.2,0.0,13,6,   1359
2026-01-29 21:23:05,1017599,4.2,0.0,13,5,   1362
2026-01-29 21:23:07,1017599,4.2,0.0,13,5,   1364
2026-01-29 21:23:09,1017599,4.2,0.0,13,5,   1366
2026-01-29 21:23:11,1017599,4.2,0.0,13,5,   1368
2026-01-29 21:23:13,1017599,4.2,0.0,13,5,   1370
2026-01-29 21:23:15,1017599,4.2,0.0,13,6,   1372
2026-01-29 21:23:17,1017599,4.2,0.0,13,5,   1374
2026-01-29 21:23:19,1017599,4.2,0.0,13,5,   1376
2026-01-29 21:23:22,1017599,4.2,0.0,13,5,   1379
2026-01-29 21:23:24,1017599,4.2,0.0,13,5,   1381
2026-01-29 21:23:26,1017599,4.2,0.0,13,5,   1383
2026-01-29 21:23:28,1017599,4.2,0.0,13,6,   1385
2026-01-29 21:23:30,1017599,4.2,0.0,13,6,   1387
2026-01-29 21:23:32,1017599,4.2,0.0,13,5,   1389
2026-01-29 21:23:34,1017599,4.2,0.0,13,5,   1391
2026-01-29 21:23:36,1017599,4.2,0.0,13,5,   1393
2026-01-29 21:23:39,1017599,4.2,0.0,13,5,   1395
2026-01-29 21:23:41,1017599,4.2,0.0,13,6,   1398
2026-01-29 21:23:43,1017599,4.2,0.0,13,6,   1400
2026-01-29 21:23:45,1017599,4.2,0.0,13,5,   1402
2026-01-29 21:23:47,1017599,4.2,0.0,13,5,   1404
2026-01-29 21:23:49,1017599,4.2,0.0,13,5,   1406
2026-01-29 21:23:51,1017599,4.2,0.0,13,5,   1408
2026-01-29 21:23:53,1017599,4.2,0.0,13,5,   1410
2026-01-29 21:23:55,1017599,4.2,0.0,13,6,   1412
2026-01-29 21:23:58,1017599,4.2,0.0,13,5,   1414
2026-01-29 21:24:00,1017599,4.2,0.0,13,5,   1417
2026-01-29 21:24:02,1017599,4.2,0.0,13,5,   1419
2026-01-29 21:24:04,1017599,4.2,0.0,13,5,   1421
2026-01-29 21:24:06,1017599,4.2,0.0,13,5,   1423
2026-01-29 21:24:08,1017599,4.2,0.0,13,5,   1425
2026-01-29 21:24:10,1017599,4.2,0.0,13,5,   1427
2026-01-29 21:24:12,1017599,4.2,0.0,13,5,   1429
2026-01-29 21:24:14,1017599,4.2,0.0,13,5,   1431
2026-01-29 21:24:16,1017599,4.2,0.0,13,5,   1433
2026-01-29 21:24:18,1017599,4.2,0.0,13,6,   1435
2026-01-29 21:24:21,1017599,4.2,0.0,13,6,   1438
2026-01-29 21:24:23,1017599,4.2,0.0,13,5,   1440
2026-01-29 21:24:25,1017599,4.2,0.0,13,5,   1442
2026-01-29 21:24:27,1017599,4.2,0.0,13,5,   1444
2026-01-29 21:24:29,1017599,4.2,0.0,13,5,   1446
2026-01-29 21:24:31,1017599,4.2,0.0,13,5,   1448
2026-01-29 21:24:33,1017599,4.2,0.0,13,6,   1450
2026-01-29 21:24:35,1017599,4.2,0.0,13,5,   1452
2026-01-29 21:24:37,1017599,4.2,0.0,13,5,   1454
2026-01-29 21:24:40,1017599,4.2,0.0,13,5,   1456
2026-01-29 21:24:42,1017599,4.2,0.0,13,5,   1459
2026-01-29 21:24:44,1017599,4.2,0.0,13,5,   1461
2026-01-29 21:24:46,1017599,4.2,0.0,13,5,   1463
2026-01-29 21:24:48,1017599,4.1,0.0,13,5,   1465
2026-01-29 21:24:50,1017599,4.1,0.0,13,5,   1467
2026-01-29 21:24:52,1017599,4.1,0.0,13,5,   1469
2026-01-29 21:24:54,1017599,4.1,0.0,13,6,   1471
2026-01-29 21:24:56,1017599,4.1,0.0,13,5,   1473
2026-01-29 21:24:58,1017599,4.1,0.0,13,5,   1475
2026-01-29 21:25:00,1017599,4.1,0.0,13,5,   1477
2026-01-29 21:25:02,1017599,4.1,0.0,13,5,   1479
2026-01-29 21:25:05,1017599,4.1,0.0,13,5,   1481
2026-01-29 21:25:07,1017599,4.1,0.0,13,6,   1484
2026-01-29 21:25:09,1017599,4.1,0.0,13,5,   1486
2026-01-29 21:25:11,1017599,4.1,0.0,13,5,   1488
2026-01-29 21:25:13,1017599,4.1,0.0,13,5,   1490
2026-01-29 21:25:15,1017599,4.1,0.0,13,5,   1492
2026-01-29 21:25:17,1017599,4.1,0.0,13,6,   1494
2026-01-29 21:25:19,1017599,4.1,0.0,13,6,   1496
2026-01-29 21:25:21,1017599,4.1,0.0,13,5,   1498
2026-01-29 21:25:24,1017599,4.1,0.0,13,5,   1500
2026-01-29 21:25:26,1017599,4.1,0.0,13,5,   1502
2026-01-29 21:25:28,1017599,4.1,0.0,13,5,   1505
2026-01-29 21:25:30,1017599,4.1,0.0,13,6,   1507
2026-01-29 21:25:32,1017599,4.1,0.0,13,6,   1509
2026-01-29 21:25:34,1017599,4.1,0.0,13,5,   1511
2026-01-29 21:25:36,1017599,4.1,0.0,13,5,   1513
2026-01-29 21:25:38,1017599,4.1,0.0,13,5,   1515
2026-01-29 21:25:40,1017599,4.1,0.0,13,5,   1517
2026-01-29 21:25:42,1017599,4.1,0.0,13,5,   1519
2026-01-29 21:25:45,1017599,4.1,0.0,13,6,   1521
2026-01-29 21:25:47,1017599,4.1,0.0,13,6,   1524
2026-01-29 21:25:49,1017599,4.1,0.0,13,6,   1526
2026-01-29 21:25:51,1017599,4.1,0.0,13,6,   1528
2026-01-29 21:25:53,1017599,4.1,0.0,13,6,   1530
2026-01-29 21:25:55,1017599,4.1,0.0,13,6,   1532
2026-01-29 21:25:57,1017599,4.1,0.0,13,6,   1534
2026-01-29 21:25:59,1017599,4.1,0.0,13,6,   1536
2026-01-29 21:26:01,1017599,4.1,0.0,13,6,   1538
2026-01-29 21:26:03,1017599,4.1,0.0,13,6,   1540
2026-01-29 21:26:05,1017599,4.1,0.0,13,6,   1542
2026-01-29 21:26:07,1017599,4.1,0.0,13,6,   1544
2026-01-29 21:26:09,1017599,4.1,0.0,13,6,   1546
2026-01-29 21:26:12,1017599,4.1,0.0,13,6,   1548
2026-01-29 21:26:14,1017599,4.1,0.0,13,6,   1551
2026-01-29 21:26:16,1017599,4.1,0.0,13,6,   1553
2026-01-29 21:26:18,1017599,4.1,0.0,13,6,   1555
2026-01-29 21:26:20,1017599,4.1,0.0,13,6,   1557
2026-01-29 21:26:22,1017599,4.1,0.0,13,6,   1559
2026-01-29 21:26:24,1017599,4.1,0.0,13,6,   1561
2026-01-29 21:26:26,1017599,4.1,0.0,13,6,   1563
2026-01-29 21:26:28,1017599,4.1,0.0,13,6,   1565
2026-01-29 21:26:30,1017599,4.1,0.0,13,6,   1567
2026-01-29 21:26:32,1017599,4.1,0.0,13,6,   1569
2026-01-29 21:26:35,1017599,4.1,0.0,13,6,   1572
2026-01-29 21:26:37,1017599,4.1,0.0,13,6,   1574
2026-01-29 21:26:39,1017599,4.1,0.0,13,6,   1576
2026-01-29 21:26:41,1017599,4.1,0.0,13,6,   1578
2026-01-29 21:26:43,1017599,4.1,0.0,13,6,   1580
2026-01-29 21:26:45,1017599,4.1,0.0,13,6,   1582
2026-01-29 21:26:47,1017599,4.1,0.0,13,6,   1584
2026-01-29 21:26:50,1017599,4.1,0.0,13,6,   1586
2026-01-29 21:26:52,1017599,4.1,0.0,13,6,   1589
2026-01-29 21:26:54,1017599,4.1,0.0,13,6,   1591
2026-01-29 21:26:56,1017599,4.1,0.0,13,6,   1593
2026-01-29 21:26:58,1017599,4.1,0.0,13,6,   1595
2026-01-29 21:27:00,1017599,4.1,0.0,13,6,   1597
2026-01-29 21:27:02,1017599,4.1,0.0,13,6,   1599
2026-01-29 21:27:04,1017599,4.1,0.0,13,6,   1601
2026-01-29 21:27:06,1017599,4.1,0.0,13,6,   1603
2026-01-29 21:27:08,1017599,4.1,0.0,13,6,   1605
2026-01-29 21:27:10,1017599,4.1,0.0,13,6,   1607
2026-01-29 21:27:12,1017599,4.1,0.0,13,6,   1609
2026-01-29 21:27:15,1017599,4.1,0.0,13,6,   1611
2026-01-29 21:27:17,1017599,4.0,0.0,13,6,   1614
2026-01-29 21:27:19,1017599,4.0,0.0,13,6,   1616
2026-01-29 21:27:21,1017599,4.0,0.0,13,6,   1618
2026-01-29 21:27:23,1017599,4.1,0.0,13,6,   1620
2026-01-29 21:27:25,1017599,4.0,0.0,13,6,   1622
2026-01-29 21:27:27,1017599,4.0,0.0,13,6,   1624
2026-01-29 21:27:29,1017599,4.0,0.0,13,6,   1626
2026-01-29 21:27:31,1017599,4.0,0.0,13,6,   1628
2026-01-29 21:27:33,1017599,4.0,0.0,13,6,   1630
2026-01-29 21:27:35,1017599,4.0,0.0,13,6,   1632
2026-01-29 21:27:37,1017599,4.0,0.0,13,6,   1634
2026-01-29 21:27:39,1017599,4.0,0.0,13,6,   1636
2026-01-29 21:27:41,1017599,4.0,0.0,13,6,   1638
2026-01-29 21:27:44,1017599,4.0,0.0,13,6,   1641
2026-01-29 21:27:46,1017599,4.0,0.0,13,6,   1643
2026-01-29 21:27:48,1017599,4.0,0.0,13,6,   1645
2026-01-29 21:27:50,1017599,4.0,0.0,13,6,   1647
2026-01-29 21:27:52,1017599,4.0,0.0,13,6,   1649
2026-01-29 21:27:54,1017599,4.0,0.0,13,6,   1651
2026-01-29 21:27:56,1017599,4.0,0.0,13,6,   1653
2026-01-29 21:27:58,1017599,4.0,0.0,13,6,   1655
2026-01-29 21:28:00,1017599,4.0,0.0,13,6,   1657
2026-01-29 21:28:02,1017599,4.0,0.0,13,6,   1659
2026-01-29 21:28:04,1017599,4.0,0.0,13,6,   1661
2026-01-29 21:28:06,1017599,4.0,0.0,13,6,   1663
2026-01-29 21:28:09,1017599,4.0,0.0,13,6,   1665
2026-01-29 21:28:11,1017599,4.0,0.0,13,6,   1668
2026-01-29 21:28:13,1017599,4.0,0.0,13,6,   1670
2026-01-29 21:28:15,1017599,4.0,0.0,13,6,   1672
2026-01-29 21:28:17,1017599,4.0,0.0,13,6,   1674
2026-01-29 21:28:19,1017599,4.0,0.0,13,6,   1676
2026-01-29 21:28:21,1017599,4.0,0.0,13,6,   1678
2026-01-29 21:28:23,1017599,4.0,0.0,13,6,   1680
2026-01-29 21:28:25,1017599,4.0,0.0,13,6,   1682
2026-01-29 21:28:27,1017599,4.0,0.0,13,6,   1684
2026-01-29 21:28:29,1017599,4.0,0.0,13,6,   1686
2026-01-29 21:28:31,1017599,4.0,0.0,13,6,   1689
2026-01-29 21:28:34,1017599,4.0,0.0,13,6,   1691
2026-01-29 21:28:36,1017599,4.0,0.0,13,6,   1693
2026-01-29 21:28:38,1017599,4.0,0.0,13,6,   1695
2026-01-29 21:28:40,1017599,4.0,0.0,13,6,   1697
2026-01-29 21:28:42,1017599,4.0,0.0,13,6,   1699
2026-01-29 21:28:44,1017599,4.0,0.0,13,6,   1701
2026-01-29 21:28:46,1017599,4.0,0.0,13,6,   1703
2026-01-29 21:28:49,1017599,4.0,0.0,13,6,   1706
2026-01-29 21:28:51,1017599,4.0,0.0,13,6,   1708
2026-01-29 21:28:53,1017599,4.0,0.0,13,6,   1710
2026-01-29 21:28:55,1017599,4.0,0.0,13,6,   1712
2026-01-29 21:28:57,1017599,4.0,0.0,13,6,   1714
2026-01-29 21:28:59,1017599,4.0,0.0,13,6,   1716
2026-01-29 21:29:01,1017599,4.0,0.0,13,6,   1718
2026-01-29 21:29:03,1017599,4.0,0.0,13,6,   1720
2026-01-29 21:29:05,1017599,4.0,0.0,13,6,   1722
2026-01-29 21:29:07,1017599,4.0,0.0,13,6,   1724
2026-01-29 21:29:10,1017599,4.0,0.0,13,6,   1726
2026-01-29 21:29:12,1017599,3.9,0.0,13,6,   1729
2026-01-29 21:29:14,1017599,3.9,0.0,13,6,   1731
2026-01-29 21:29:16,1017599,3.9,0.0,13,6,   1733
2026-01-29 21:29:18,1017599,3.9,0.0,13,6,   1735
2026-01-29 21:29:20,1017599,4.0,0.0,13,6,   1737
2026-01-29 21:29:23,1017599,4.0,0.0,13,6,   1740
2026-01-29 21:29:25,1017599,4.0,0.0,13,6,   1742
2026-01-29 21:29:27,1017599,4.0,0.0,13,6,   1744
2026-01-29 21:29:29,1017599,4.0,0.0,13,6,   1746
2026-01-29 21:29:31,1017599,3.9,0.0,13,6,   1748
2026-01-29 21:29:33,1017599,4.0,0.0,13,6,   1750
2026-01-29 21:29:35,1017599,4.0,0.0,13,6,   1753
2026-01-29 21:29:38,1017599,4.0,0.0,13,6,   1755
2026-01-29 21:29:40,1017599,4.0,0.0,13,6,   1757
2026-01-29 21:29:42,1017599,4.0,0.0,13,6,   1759
2026-01-29 21:29:44,1017599,4.0,0.0,13,6,   1761
2026-01-29 21:29:46,1017599,4.0,0.0,13,6,   1763
2026-01-29 21:29:49,1017599,4.0,0.0,13,6,   1766
2026-01-29 21:29:51,1017599,4.0,0.0,13,6,   1768
2026-01-29 21:29:53,1017599,4.0,0.0,13,6,   1770
2026-01-29 21:29:55,1017599,4.0,0.0,13,6,   1772
2026-01-29 21:29:57,1017599,4.0,0.0,13,6,   1774
2026-01-29 21:29:59,1017599,4.0,0.0,13,6,   1776
2026-01-29 21:30:01,1017599,4.0,0.0,13,6,   1778
2026-01-29 21:30:04,1017599,4.0,0.0,13,6,   1781
2026-01-29 21:30:06,1017599,4.0,0.0,13,6,   1783
2026-01-29 21:30:08,1017599,4.0,0.0,13,6,   1785
2026-01-29 21:30:10,1017599,4.0,0.0,13,6,   1787
2026-01-29 21:30:12,1017599,4.0,0.0,13,6,   1789
2026-01-29 21:30:14,1017599,4.0,0.0,13,6,   1791
2026-01-29 21:30:16,1017599,4.0,0.0,13,6,   1793
2026-01-29 21:30:19,1017599,4.0,0.0,13,6,   1796
2026-01-29 21:30:21,1017599,4.0,0.0,13,6,   1798
2026-01-29 21:30:23,1017599,4.0,0.0,13,6,   1800
2026-01-29 21:30:25,1017599,4.0,0.0,13,6,   1802
2026-01-29 21:30:27,1017599,4.0,0.0,13,6,   1804
2026-01-29 21:30:29,1017599,4.0,0.0,13,6,   1806
2026-01-29 21:30:32,1017599,4.0,0.0,13,6,   1809
2026-01-29 21:30:34,1017599,4.0,0.0,13,6,   1811
2026-01-29 21:30:36,1017599,4.0,0.0,13,6,   1813
2026-01-29 21:30:38,1017599,4.0,0.0,13,6,   1815
2026-01-29 21:30:40,1017599,4.0,0.0,13,6,   1817
2026-01-29 21:30:42,1017599,4.0,0.0,13,6,   1819
2026-01-29 21:30:45,1017599,4.0,0.0,13,6,   1822
2026-01-29 21:30:47,1017599,4.0,0.0,13,6,   1824
2026-01-29 21:30:49,1017599,4.0,0.0,13,6,   1826
2026-01-29 21:30:51,1017599,4.0,0.0,13,6,   1828
2026-01-29 21:30:53,1017599,4.0,0.0,13,6,   1830
2026-01-29 21:30:55,1017599,4.0,0.0,13,6,   1832
2026-01-29 21:30:58,1017599,4.0,0.0,13,6,   1834
2026-01-29 21:31:00,1017599,4.0,0.0,13,6,   1837
2026-01-29 21:31:02,1017599,4.0,0.0,13,6,   1839
2026-01-29 21:31:04,1017599,4.0,0.0,13,6,   1841
2026-01-29 21:31:06,1017599,4.0,0.0,13,6,   1843
2026-01-29 21:31:09,1017599,4.0,0.0,13,6,   1845
2026-01-29 21:31:11,1017599,4.0,0.0,13,6,   1848
2026-01-29 21:31:13,1017599,4.0,0.0,13,6,   1850
2026-01-29 21:31:15,1017599,4.0,0.0,13,6,   1852
2026-01-29 21:31:17,1017599,4.0,0.0,13,6,   1854
2026-01-29 21:31:20,1017599,4.0,0.0,13,6,   1857
2026-01-29 21:31:22,1017599,4.0,0.0,13,6,   1859
2026-01-29 21:31:24,1017599,4.0,0.0,13,6,   1861
2026-01-29 21:31:26,1017599,4.0,0.0,13,6,   1863
2026-01-29 21:31:28,1017599,4.0,0.0,13,6,   1865
2026-01-29 21:31:30,1017599,4.0,0.0,13,6,   1867
2026-01-29 21:31:33,1017599,4.0,0.0,13,6,   1870
2026-01-29 21:31:35,1017599,4.0,0.0,13,6,   1872
2026-01-29 21:31:37,1017599,4.0,0.0,13,6,   1874
2026-01-29 21:31:39,1017599,4.0,0.0,13,6,   1876
2026-01-29 21:31:41,1017599,4.0,0.0,13,6,   1878
2026-01-29 21:31:43,1017599,4.0,0.0,13,6,   1880
2026-01-29 21:31:45,1017599,4.0,0.0,13,6,   1882
2026-01-29 21:31:47,1017599,4.0,0.0,13,6,   1884
2026-01-29 21:31:50,1017599,4.0,0.0,13,6,   1887
2026-01-29 21:31:52,1017599,4.0,0.0,13,6,   1889
2026-01-29 21:31:54,1017599,4.0,0.0,13,6,   1891
2026-01-29 21:31:56,1017599,4.0,0.0,13,6,   1893
2026-01-29 21:31:58,1017599,4.0,0.0,13,6,   1895
2026-01-29 21:32:01,1017599,4.0,0.0,13,6,   1897
2026-01-29 21:32:03,1017599,4.0,0.0,13,6,   1900
2026-01-29 21:32:05,1017599,4.0,0.0,13,6,   1902
2026-01-29 21:32:07,1017599,4.0,0.0,13,6,   1904
2026-01-29 21:32:09,1017599,4.0,0.0,13,6,   1906
2026-01-29 21:32:11,1017599,4.0,0.0,13,6,   1908
2026-01-29 21:32:13,1017599,4.0,0.0,13,6,   1910
2026-01-29 21:32:16,1017599,4.0,0.0,13,6,   1913
2026-01-29 21:32:18,1017599,4.0,0.0,13,6,   1915
2026-01-29 21:32:20,1017599,4.0,0.0,13,6,   1917
2026-01-29 21:32:22,1017599,4.0,0.0,13,6,   1919
2026-01-29 21:32:24,1017599,4.0,0.0,13,6,   1921
2026-01-29 21:32:26,1017599,4.0,0.0,13,6,   1923
2026-01-29 21:32:28,1017599,4.0,0.0,13,6,   1925
2026-01-29 21:32:31,1017599,4.0,0.0,13,6,   1927
2026-01-29 21:32:33,1017599,4.0,0.0,13,6,   1930
2026-01-29 21:32:35,1017599,4.0,0.0,13,6,   1932
2026-01-29 21:32:37,1017599,4.0,0.0,13,6,   1934
2026-01-29 21:32:39,1017599,4.0,0.0,13,6,   1936
2026-01-29 21:32:41,1017599,4.0,0.0,13,6,   1938
2026-01-29 21:32:43,1017599,4.0,0.0,13,6,   1940
2026-01-29 21:32:46,1017599,4.0,0.0,13,6,   1943
2026-01-29 21:32:48,1017599,4.0,0.0,13,6,   1945
2026-01-29 21:32:50,1017599,4.0,0.0,13,6,   1947
2026-01-29 21:32:52,1017599,4.0,0.0,13,6,   1949
2026-01-29 21:32:54,1017599,4.0,0.0,13,6,   1951
2026-01-29 21:32:57,1017599,4.0,0.0,13,6,   1953
2026-01-29 21:32:59,1017599,4.0,0.0,13,6,   1956
2026-01-29 21:33:01,1017599,4.0,0.0,13,6,   1958
2026-01-29 21:33:03,1017599,4.0,0.0,13,6,   1960
2026-01-29 21:33:05,1017599,4.1,0.0,13,6,   1962
2026-01-29 21:33:07,1017599,4.0,0.0,13,6,   1964
2026-01-29 21:33:09,1017599,4.0,0.0,13,6,   1966
2026-01-29 21:33:12,1017599,4.0,0.0,13,6,   1969
2026-01-29 21:33:14,1017599,4.0,0.0,13,6,   1971
2026-01-29 21:33:16,1017599,4.0,0.0,13,6,   1973
2026-01-29 21:33:18,1017599,4.1,0.0,13,6,   1975
2026-01-29 21:33:20,1017599,4.1,0.0,13,6,   1977
2026-01-29 21:33:23,1017599,4.0,0.0,13,6,   1979
2026-01-29 21:33:25,1017599,4.0,0.0,13,6,   1982
2026-01-29 21:33:27,1017599,4.0,0.0,13,6,   1984
2026-01-29 21:33:29,1017599,4.0,0.0,13,6,   1986
2026-01-29 21:33:31,1017599,4.0,0.0,13,6,   1988
2026-01-29 21:33:33,1017599,4.1,0.0,13,6,   1990
2026-01-29 21:33:36,1017599,4.1,0.0,13,6,   1993
2026-01-29 21:33:38,1017599,4.1,0.0,13,6,   1995
2026-01-29 21:33:40,1017599,4.0,0.0,13,6,   1997
2026-01-29 21:33:42,1017599,4.0,0.0,13,6,   1999
2026-01-29 21:33:44,1017599,4.0,0.0,13,6,   2001
2026-01-29 21:33:46,1017599,4.1,0.0,13,6,   2004
2026-01-29 21:33:49,1017599,4.1,0.0,13,6,   2006
2026-01-29 21:33:51,1017599,4.1,0.0,13,6,   2008
2026-01-29 21:33:53,1017599,4.1,0.0,13,6,   2010
2026-01-29 21:33:55,1017599,4.1,0.0,13,6,   2012
2026-01-29 21:33:57,1017599,4.0,0.0,13,6,   2014
2026-01-29 21:33:59,1017599,4.1,0.0,13,6,   2016
2026-01-29 21:34:02,1017599,4.1,0.0,13,6,   2019
2026-01-29 21:34:04,1017599,4.1,0.0,13,6,   2021
2026-01-29 21:34:06,1017599,4.1,0.0,13,6,   2023
2026-01-29 21:34:08,1017599,4.1,0.0,13,6,   2025
2026-01-29 21:34:10,1017599,4.1,0.0,13,6,   2027
2026-01-29 21:34:12,1017599,4.1,0.0,13,6,   2029
2026-01-29 21:34:14,1017599,4.0,0.0,13,6,   2031
2026-01-29 21:34:17,1017599,4.0,0.0,13,6,   2034
2026-01-29 21:34:19,1017599,4.0,0.0,13,6,   2036
2026-01-29 21:34:21,1017599,4.0,0.0,13,6,   2038
2026-01-29 21:34:23,1017599,4.0,0.0,13,6,   2040
2026-01-29 21:34:25,1017599,4.1,0.0,13,6,   2042
2026-01-29 21:34:28,1017599,4.1,0.0,13,6,   2044
2026-01-29 21:34:30,1017599,4.1,0.0,13,6,   2047
2026-01-29 21:34:32,1017599,4.0,0.0,13,6,   2049
2026-01-29 21:34:34,1017599,4.0,0.0,13,6,   2051
2026-01-29 21:34:36,1017599,4.0,0.0,13,6,   2053
2026-01-29 21:34:38,1017599,4.1,0.0,13,6,   2055
2026-01-29 21:34:41,1017599,4.1,0.0,13,6,   2058
2026-01-29 21:34:43,1017599,4.1,0.0,13,6,   2060
2026-01-29 21:34:45,1017599,4.1,0.0,13,6,   2062
2026-01-29 21:34:47,1017599,4.1,0.0,13,6,   2064
2026-01-29 21:34:49,1017599,4.0,0.0,13,6,   2066
2026-01-29 21:34:51,1017599,4.1,0.0,13,6,   2068
2026-01-29 21:34:54,1017599,4.1,0.0,13,6,   2071
2026-01-29 21:34:56,1017599,4.1,0.0,13,6,   2073
2026-01-29 21:34:58,1017599,4.1,0.0,13,6,   2075
2026-01-29 21:35:00,1017599,4.1,0.0,13,6,   2077
2026-01-29 21:35:02,1017599,4.0,0.0,13,6,   2079
2026-01-29 21:35:04,1017599,4.1,0.0,13,6,   2081
2026-01-29 21:35:07,1017599,4.1,0.0,13,6,   2084
2026-01-29 21:35:09,1017599,4.1,0.0,13,6,   2086
2026-01-29 21:35:11,1017599,4.1,0.0,13,6,   2088
2026-01-29 21:35:13,1017599,4.1,0.0,13,6,   2090
2026-01-29 21:35:15,1017599,4.1,0.0,13,6,   2092
2026-01-29 21:35:17,1017599,4.0,0.0,13,6,   2094
2026-01-29 21:35:20,1017599,4.1,0.0,13,6,   2097
2026-01-29 21:35:22,1017599,4.1,0.0,13,6,   2099
2026-01-29 21:35:24,1017599,4.1,0.0,13,6,   2101
2026-01-29 21:35:26,1017599,4.1,0.0,13,6,   2103
2026-01-29 21:35:28,1017599,4.1,0.0,13,6,   2105
2026-01-29 21:35:30,1017599,4.1,0.0,13,6,   2107
2026-01-29 21:35:32,1017599,4.1,0.0,13,6,   2109
2026-01-29 21:35:35,1017599,4.1,0.0,13,6,   2112
2026-01-29 21:35:37,1017599,4.1,0.0,13,6,   2114
2026-01-29 21:35:39,1017599,4.1,0.0,13,6,   2116
2026-01-29 21:35:41,1017599,4.1,0.0,13,6,   2118
2026-01-29 21:35:43,1017599,4.1,0.0,13,6,   2120
2026-01-29 21:35:45,1017599,4.1,0.0,13,6,   2122
2026-01-29 21:35:48,1017599,4.1,0.0,13,7,   2125
2026-01-29 21:35:50,1017599,4.1,0.0,13,6,   2127
2026-01-29 21:35:52,1017599,4.1,0.0,13,6,   2129
2026-01-29 21:35:54,1017599,4.1,0.0,13,6,   2131
2026-01-29 21:35:56,1017599,4.1,0.0,13,6,   2133
2026-01-29 21:35:58,1017599,4.1,0.0,13,6,   2135
2026-01-29 21:36:00,1017599,4.1,0.0,13,6,   2137
2026-01-29 21:36:03,1017599,4.1,0.0,13,6,   2139
2026-01-29 21:36:05,1017599,4.1,0.0,13,6,   2142
2026-01-29 21:36:07,1017599,4.1,0.0,13,6,   2144
2026-01-29 21:36:09,1017599,4.1,0.0,13,6,   2146
2026-01-29 21:36:11,1017599,4.1,0.0,13,6,   2148
2026-01-29 21:36:13,1017599,4.1,0.0,13,6,   2150
2026-01-29 21:36:15,1017599,4.1,0.0,13,6,   2152
2026-01-29 21:36:17,1017599,4.1,0.0,13,6,   2154
2026-01-29 21:36:19,1017599,4.1,0.0,13,6,   2156
2026-01-29 21:36:22,1017599,4.1,0.0,13,6,   2159
2026-01-29 21:36:24,1017599,4.1,0.0,13,6,   2161
2026-01-29 21:36:26,1017599,4.1,0.0,13,7,   2163
2026-01-29 21:36:28,1017599,4.1,0.0,13,7,   2165
2026-01-29 21:36:30,1017599,4.1,0.0,13,6,   2167
2026-01-29 21:36:33,1017599,4.1,0.0,13,6,   2170
2026-01-29 21:36:35,1017599,4.1,0.0,13,6,   2172
2026-01-29 21:36:37,1017599,4.1,0.0,13,6,   2174
2026-01-29 21:36:39,1017599,4.1,0.0,13,6,   2176
2026-01-29 21:36:41,1017599,4.1,0.0,13,6,   2178
2026-01-29 21:36:43,1017599,4.0,0.0,13,6,   2180
2026-01-29 21:36:45,1017599,4.0,0.0,13,6,   2182
2026-01-29 21:36:47,1017599,4.0,0.0,13,6,   2184
2026-01-29 21:36:50,1017599,4.0,0.0,13,7,   2187
2026-01-29 21:36:52,1017599,4.1,0.0,13,7,   2189
2026-01-29 21:36:55,1017599,4.1,0.0,13,7,   2192
2026-01-29 21:36:57,1017599,4.1,0.0,13,6,   2194
2026-01-29 21:36:59,1017599,4.1,0.0,13,6,   2196
2026-01-29 21:37:01,1017599,4.1,0.0,13,6,   2198
2026-01-29 21:37:03,1017599,4.1,0.0,13,6,   2200
2026-01-29 21:37:05,1017599,4.1,0.0,13,7,   2203
2026-01-29 21:37:08,1017599,4.1,0.0,13,7,   2205
2026-01-29 21:37:10,1017599,4.1,0.0,13,6,   2207
2026-01-29 21:37:12,1017599,4.1,0.0,13,6,   2209
2026-01-29 21:37:15,1017599,4.1,0.0,13,6,   2212
2026-01-29 21:37:17,1017599,4.1,0.0,13,6,   2214
2026-01-29 21:37:19,1017599,4.1,0.0,13,6,   2216
2026-01-29 21:37:21,1017599,4.1,0.0,13,7,   2218
2026-01-29 21:37:24,1017599,4.1,0.0,13,7,   2221
2026-01-29 21:37:26,1017599,4.1,0.0,13,6,   2223
2026-01-29 21:37:28,1017599,4.1,0.0,13,6,   2225
2026-01-29 21:37:30,1017599,4.1,0.0,13,6,   2227
2026-01-29 21:37:33,1017599,4.1,0.0,13,6,   2230
2026-01-29 21:37:35,1017599,4.1,0.0,13,6,   2232
2026-01-29 21:37:37,1017599,4.1,0.0,13,6,   2234
2026-01-29 21:37:39,1017599,4.1,0.0,13,6,   2236
2026-01-29 21:37:42,1017599,4.1,0.0,13,6,   2239
2026-01-29 21:37:44,1017599,4.1,0.0,13,6,   2241
2026-01-29 21:37:46,1017599,4.1,0.0,13,6,   2243
2026-01-29 21:37:48,1017599,4.1,0.0,13,6,   2245
2026-01-29 21:37:50,1017599,4.1,0.0,13,6,   2247
2026-01-29 21:37:52,1017599,4.1,0.0,13,7,   2249
2026-01-29 21:37:55,1017599,4.1,0.0,13,7,   2252
2026-01-29 21:37:57,1017599,4.1,0.0,13,6,   2254
2026-01-29 21:37:59,1017599,4.1,0.0,13,6,   2256
2026-01-29 21:38:01,1017599,4.1,0.0,13,6,   2258
2026-01-29 21:38:03,1017599,4.1,0.0,13,6,   2260
2026-01-29 21:38:05,1017599,4.1,0.0,13,7,   2262
2026-01-29 21:38:08,1017599,4.1,0.0,13,7,   2265
2026-01-29 21:38:10,1017599,4.1,0.0,13,6,   2267
2026-01-29 21:38:12,1017599,4.1,0.0,13,6,   2269
2026-01-29 21:38:14,1017599,4.1,0.0,13,6,   2271
2026-01-29 21:38:17,1017599,4.1,0.0,13,6,   2274
2026-01-29 21:38:19,1017599,4.1,0.0,13,6,   2276
2026-01-29 21:38:21,1017599,4.1,0.0,13,7,   2278
2026-01-29 21:38:24,1017599,4.1,0.0,13,6,   2281
2026-01-29 21:38:26,1017599,4.1,0.0,13,6,   2283
2026-01-29 21:38:28,1017599,4.1,0.0,13,6,   2285
2026-01-29 21:38:30,1017599,4.1,0.0,13,6,   2287
2026-01-29 21:38:32,1017599,4.1,0.0,13,6,   2289
2026-01-29 21:38:35,1017599,4.1,0.0,13,6,   2291
2026-01-29 21:38:37,1017599,4.1,0.0,13,6,   2294
2026-01-29 21:38:39,1017599,4.1,0.0,13,6,   2296
2026-01-29 21:38:41,1017599,4.1,0.0,13,6,   2298
2026-01-29 21:38:43,1017599,4.1,0.0,13,6,   2300
2026-01-29 21:38:46,1017599,4.1,0.0,13,6,   2303
2026-01-29 21:38:48,1017599,4.1,0.0,13,6,   2305
2026-01-29 21:38:50,1017599,4.1,0.0,13,6,   2307
2026-01-29 21:38:52,1017599,4.1,0.0,13,6,   2309
2026-01-29 21:38:55,1017599,4.1,0.0,13,6,   2312
2026-01-29 21:38:57,1017599,4.1,0.0,13,6,   2314
2026-01-29 21:38:59,1017599,4.1,0.0,13,6,   2316
2026-01-29 21:39:01,1017599,4.1,0.0,13,6,   2318
2026-01-29 21:39:03,1017599,4.1,0.0,13,6,   2320
2026-01-29 21:39:05,1017599,4.1,0.0,13,6,   2322
2026-01-29 21:39:07,1017599,4.1,0.0,13,6,   2324
2026-01-29 21:39:10,1017599,4.1,0.0,13,6,   2327
2026-01-29 21:39:12,1017599,4.1,0.0,13,6,   2329
2026-01-29 21:39:14,1017599,4.1,0.0,13,6,   2331
2026-01-29 21:39:16,1017599,4.1,0.0,13,6,   2333
2026-01-29 21:39:18,1017599,4.1,0.0,13,6,   2335
2026-01-29 21:39:20,1017599,4.1,0.0,13,5,   2337
2026-01-29 21:39:22,1017599,4.1,0.0,13,5,   2339
2026-01-29 21:39:24,1017599,4.1,0.0,13,5,   2341
2026-01-29 21:39:26,1017599,4.1,0.0,13,5,   2343
2026-01-29 21:39:29,1017599,4.1,0.0,13,5,   2346
2026-01-29 21:39:31,1017599,4.1,0.0,13,6,   2348
2026-01-29 21:39:33,1017599,4.1,0.0,13,6,   2350
2026-01-29 21:39:35,1017599,4.1,0.0,13,5,   2352
2026-01-29 21:39:37,1017599,4.1,0.0,13,5,   2354
2026-01-29 21:39:40,1017599,4.1,0.0,13,5,   2357
2026-01-29 21:39:42,1017599,4.1,0.0,13,5,   2359
2026-01-29 21:39:44,1017599,4.1,0.0,13,6,   2361
2026-01-29 21:39:46,1017599,4.1,0.0,13,6,   2363
2026-01-29 21:39:48,1017599,4.1,0.0,13,5,   2365
2026-01-29 21:39:50,1017599,4.1,0.0,13,5,   2367
2026-01-29 21:39:52,1017599,4.1,0.0,13,5,   2369
2026-01-29 21:39:55,1017599,4.1,0.0,13,5,   2372
2026-01-29 21:39:57,1017599,4.1,0.0,13,5,   2374
2026-01-29 21:39:59,1017599,4.1,0.0,13,6,   2376
2026-01-29 21:40:01,1017599,4.1,0.0,13,5,   2378
2026-01-29 21:40:03,1017599,4.1,0.0,13,5,   2380
2026-01-29 21:40:05,1017599,4.1,0.0,13,5,   2382
2026-01-29 21:40:07,1017599,4.1,0.0,13,5,   2384
2026-01-29 21:40:09,1017599,4.1,0.0,13,5,   2386
2026-01-29 21:40:12,1017599,4.1,0.0,13,6,   2389
2026-01-29 21:40:14,1017599,4.1,0.0,13,6,   2391
2026-01-29 21:40:16,1017599,4.1,0.0,13,6,   2393
2026-01-29 21:40:18,1017599,4.1,0.0,13,6,   2395
2026-01-29 21:40:20,1017599,4.1,0.0,13,6,   2397
2026-01-29 21:40:22,1017599,4.1,0.0,13,6,   2399
2026-01-29 21:40:25,1017599,4.1,0.0,13,6,   2401
2026-01-29 21:40:27,1017599,4.1,0.0,13,6,   2404
2026-01-29 21:40:29,1017599,4.1,0.0,13,6,   2406
2026-01-29 21:40:31,1017599,4.1,0.0,13,6,   2408
2026-01-29 21:40:33,1017599,4.1,0.0,13,6,   2410
2026-01-29 21:40:35,1017599,4.1,0.0,13,6,   2412
2026-01-29 21:40:37,1017599,4.1,0.0,13,6,   2414
2026-01-29 21:40:40,1017599,4.1,0.0,13,6,   2417
2026-01-29 21:40:42,1017599,4.1,0.0,13,6,   2419
2026-01-29 21:40:44,1017599,4.1,0.0,13,6,   2421
2026-01-29 21:40:46,1017599,4.1,0.0,13,6,   2423
2026-01-29 21:40:48,1017599,4.1,0.0,13,6,   2425
2026-01-29 21:40:51,1017599,4.1,0.0,13,6,   2428
2026-01-29 21:40:53,1017599,4.1,0.0,13,6,   2430
2026-01-29 21:40:55,1017599,4.1,0.0,13,6,   2432
2026-01-29 21:40:57,1017599,4.1,0.0,13,6,   2434
2026-01-29 21:40:59,1017599,4.1,0.0,13,6,   2436
2026-01-29 21:41:01,1017599,4.1,0.0,13,6,   2438
2026-01-29 21:41:04,1017599,4.1,0.0,13,6,   2441
2026-01-29 21:41:06,1017599,4.1,0.0,13,6,   2443
2026-01-29 21:41:08,1017599,4.1,0.0,13,6,   2445
2026-01-29 21:41:10,1017599,4.1,0.0,13,6,   2447
2026-01-29 21:41:12,1017599,4.1,0.0,13,6,   2449
2026-01-29 21:41:14,1017599,4.1,0.0,13,6,   2451
2026-01-29 21:41:16,1017599,4.1,0.0,13,6,   2453
2026-01-29 21:41:19,1017599,4.1,0.0,13,6,   2456
2026-01-29 21:41:21,1017599,4.1,0.0,13,6,   2458
2026-01-29 21:41:23,1017599,4.1,0.0,13,6,   2460
2026-01-29 21:41:25,1017599,4.1,0.0,13,6,   2462
2026-01-29 21:41:27,1017599,4.1,0.0,13,6,   2464
2026-01-29 21:41:29,1017599,4.1,0.0,13,6,   2466
2026-01-29 21:41:31,1017599,4.1,0.0,13,6,   2468
2026-01-29 21:41:33,1017599,4.1,0.0,13,6,   2470
2026-01-29 21:41:36,1017599,4.1,0.0,13,6,   2473
2026-01-29 21:41:38,1017599,4.1,0.0,13,6,   2475
2026-01-29 21:41:40,1017599,4.1,0.0,13,6,   2477
2026-01-29 21:41:42,1017599,4.1,0.0,13,6,   2479
2026-01-29 21:41:44,1017599,4.1,0.0,13,6,   2481
2026-01-29 21:41:46,1017599,4.1,0.0,13,6,   2483
2026-01-29 21:41:49,1017599,4.1,0.0,13,6,   2486
2026-01-29 21:41:51,1017599,4.1,0.0,13,6,   2488
2026-01-29 21:41:53,1017599,4.1,0.0,13,6,   2490
2026-01-29 21:41:55,1017599,4.1,0.0,13,6,   2492
2026-01-29 21:41:57,1017599,4.1,0.0,13,6,   2494
2026-01-29 21:41:59,1017599,4.1,0.0,13,6,   2496
2026-01-29 21:42:01,1017599,4.1,0.0,13,6,   2498
2026-01-29 21:42:04,1017599,4.1,0.0,13,6,   2501
2026-01-29 21:42:06,1017599,4.1,0.0,13,6,   2503
2026-01-29 21:42:08,1017599,4.1,0.0,13,6,   2505
2026-01-29 21:42:10,1017599,4.1,0.0,13,6,   2507
2026-01-29 21:42:12,1017599,4.1,0.0,13,6,   2509
2026-01-29 21:42:14,1017599,4.1,0.0,13,6,   2511
2026-01-29 21:42:17,1017599,4.1,0.0,13,6,   2513
2026-01-29 21:42:19,1017599,4.1,0.0,13,6,   2516
2026-01-29 21:42:21,1017599,4.1,0.0,13,6,   2518
2026-01-29 21:42:23,1017599,4.1,0.0,13,6,   2520
2026-01-29 21:42:25,1017599,4.1,0.0,13,6,   2522
2026-01-29 21:42:27,1017599,4.1,0.0,13,6,   2524
2026-01-29 21:42:29,1017599,4.1,0.0,13,6,   2526
2026-01-29 21:42:31,1017599,4.1,0.0,13,6,   2528
2026-01-29 21:42:34,1017599,4.1,0.0,13,6,   2531
2026-01-29 21:42:36,1017599,4.1,0.0,13,6,   2533
2026-01-29 21:42:38,1017599,4.1,0.0,13,6,   2535
2026-01-29 21:42:40,1017599,4.1,0.0,13,6,   2537
2026-01-29 21:42:42,1017599,4.1,0.0,13,6,   2539
2026-01-29 21:42:44,1017599,4.1,0.0,13,6,   2541
2026-01-29 21:42:46,1017599,4.1,0.0,13,6,   2543
2026-01-29 21:42:49,1017599,4.1,0.0,13,6,   2545
2026-01-29 21:42:51,1017599,4.1,0.0,13,6,   2548
2026-01-29 21:42:53,1017599,4.1,0.0,13,6,   2550
2026-01-29 21:42:55,1017599,4.1,0.0,13,6,   2552
2026-01-29 21:42:57,1017599,4.1,0.0,13,6,   2554
2026-01-29 21:42:59,1017599,4.1,0.0,13,6,   2556
2026-01-29 21:43:01,1017599,4.1,0.0,13,6,   2558
2026-01-29 21:43:03,1017599,4.1,0.0,13,6,   2560
2026-01-29 21:43:06,1017599,4.1,0.0,13,6,   2563
2026-01-29 21:43:08,1017599,4.1,0.0,13,6,   2565
2026-01-29 21:43:10,1017599,4.1,0.0,13,6,   2567
2026-01-29 21:43:12,1017599,4.1,0.0,13,6,   2569
2026-01-29 21:43:15,1017599,4.1,0.0,13,6,   2572
2026-01-29 21:43:17,1017599,4.1,0.0,13,6,   2574
2026-01-29 21:43:19,1017599,4.1,0.0,13,6,   2576
2026-01-29 21:43:21,1017599,4.1,0.0,13,6,   2578
2026-01-29 21:43:23,1017599,4.1,0.0,13,6,   2580
2026-01-29 21:43:25,1017599,4.1,0.0,13,6,   2582
2026-01-29 21:43:27,1017599,4.1,0.0,13,6,   2584
2026-01-29 21:43:30,1017599,4.1,0.0,13,6,   2587
2026-01-29 21:43:32,1017599,4.1,0.0,13,6,   2589
2026-01-29 21:43:34,1017599,4.1,0.0,13,6,   2591
2026-01-29 21:43:36,1017599,4.1,0.0,13,6,   2593
2026-01-29 21:43:38,1017599,4.1,0.0,13,6,   2595
2026-01-29 21:43:40,1017599,4.1,0.0,13,6,   2597
2026-01-29 21:43:43,1017599,4.1,0.0,13,6,   2599
2026-01-29 21:43:45,1017599,4.1,0.0,13,6,   2602
2026-01-29 21:43:47,1017599,4.1,0.0,13,6,   2604
2026-01-29 21:43:49,1017599,4.1,0.0,13,6,   2606
2026-01-29 21:43:51,1017599,4.1,0.0,13,6,   2608
2026-01-29 21:43:53,1017599,4.1,0.0,13,6,   2610
2026-01-29 21:43:55,1017599,4.1,0.0,13,6,   2612
2026-01-29 21:43:57,1017599,4.1,0.0,13,6,   2614
2026-01-29 21:43:59,1017599,4.1,0.0,13,6,   2616
2026-01-29 21:44:02,1017599,4.1,0.0,13,6,   2619
2026-01-29 21:44:04,1017599,4.1,0.0,13,6,   2621
2026-01-29 21:44:06,1017599,4.1,0.0,13,6,   2623
2026-01-29 21:44:08,1017599,4.1,0.0,13,6,   2625
2026-01-29 21:44:10,1017599,4.1,0.0,13,6,   2627
2026-01-29 21:44:12,1017599,4.1,0.0,13,6,   2629
2026-01-29 21:44:15,1017599,4.1,0.0,13,6,   2632
2026-01-29 21:44:17,1017599,4.1,0.0,13,6,   2634
2026-01-29 21:44:19,1017599,4.1,0.0,13,6,   2636
2026-01-29 21:44:21,1017599,4.1,0.0,13,6,   2638
2026-01-29 21:44:23,1017599,4.1,0.0,13,6,   2640
2026-01-29 21:44:25,1017599,4.1,0.0,13,6,   2642
2026-01-29 21:44:28,1017599,4.1,0.0,13,6,   2645
2026-01-29 21:44:30,1017599,4.1,0.0,13,6,   2647
2026-01-29 21:44:32,1017599,4.1,0.0,13,6,   2649
2026-01-29 21:44:34,1017599,4.1,0.0,13,6,   2651
2026-01-29 21:44:36,1017599,4.1,0.0,13,6,   2653
2026-01-29 21:44:38,1017599,4.1,0.0,13,6,   2655
2026-01-29 21:44:40,1017599,4.1,0.0,13,6,   2657
2026-01-29 21:44:43,1017599,4.1,0.0,13,6,   2660
2026-01-29 21:44:45,1017599,4.1,0.0,13,6,   2662
2026-01-29 21:44:47,1017599,4.1,0.0,13,6,   2664
2026-01-29 21:44:49,1017599,4.1,0.0,13,6,   2666
2026-01-29 21:44:51,1017599,4.1,0.0,13,6,   2668
2026-01-29 21:44:53,1017599,4.1,0.0,13,6,   2670
2026-01-29 21:44:55,1017599,4.1,0.0,13,6,   2672
2026-01-29 21:44:58,1017599,4.1,0.0,13,6,   2674
2026-01-29 21:45:00,1017599,4.1,0.0,13,6,   2677
2026-01-29 21:45:02,1017599,4.1,0.0,13,6,   2679
2026-01-29 21:45:04,1017599,4.1,0.0,13,6,   2681
2026-01-29 21:45:06,1017599,4.1,0.0,13,6,   2683
2026-01-29 21:45:08,1017599,4.1,0.0,13,6,   2685
2026-01-29 21:45:10,1017599,4.1,0.0,13,6,   2687
2026-01-29 21:45:12,1017599,4.1,0.0,13,6,   2689
2026-01-29 21:45:15,1017599,4.1,0.0,13,6,   2691
2026-01-29 21:45:17,1017599,4.1,0.0,13,6,   2694
2026-01-29 21:45:19,1017599,4.1,0.0,13,6,   2696
2026-01-29 21:45:21,1017599,4.1,0.0,13,6,   2698
2026-01-29 21:45:23,1017599,4.1,0.0,13,6,   2700
2026-01-29 21:45:25,1017599,4.1,0.0,13,6,   2702
2026-01-29 21:45:27,1017599,4.1,0.0,13,6,   2704
2026-01-29 21:45:29,1017599,4.1,0.0,13,6,   2706
2026-01-29 21:45:32,1017599,4.1,0.0,13,6,   2709
2026-01-29 21:45:34,1017599,4.1,0.0,13,6,   2711
2026-01-29 21:45:36,1017599,4.1,0.0,13,6,   2713
2026-01-29 21:45:38,1017599,4.1,0.0,13,6,   2715
2026-01-29 21:45:40,1017599,4.1,0.0,13,6,   2717
2026-01-29 21:45:42,1017599,4.1,0.0,13,6,   2719
2026-01-29 21:45:44,1017599,4.1,0.0,13,6,   2721
2026-01-29 21:45:46,1017599,4.1,0.0,13,6,   2723
2026-01-29 21:45:49,1017599,4.1,0.0,13,6,   2726
2026-01-29 21:45:51,1017599,4.1,0.0,13,6,   2728
2026-01-29 21:45:53,1017599,4.1,0.0,13,6,   2730
2026-01-29 21:45:55,1017599,4.1,0.0,13,6,   2732
2026-01-29 21:45:57,1017599,4.1,0.0,13,6,   2734
2026-01-29 21:45:59,1017599,4.1,0.0,13,6,   2736
2026-01-29 21:46:01,1017599,4.1,0.0,13,6,   2738
2026-01-29 21:46:04,1017599,4.1,0.0,13,6,   2741
2026-01-29 21:46:06,1017599,4.1,0.0,13,6,   2743
2026-01-29 21:46:08,1017599,4.1,0.0,13,6,   2745
2026-01-29 21:46:10,1017599,4.1,0.0,13,6,   2747
2026-01-29 21:46:12,1017599,4.1,0.0,13,6,   2749
2026-01-29 21:46:14,1017599,4.1,0.0,13,6,   2751
2026-01-29 21:46:16,1017599,4.1,0.0,13,6,   2753
2026-01-29 21:46:18,1017599,4.1,0.0,13,6,   2755
2026-01-29 21:46:20,1017599,4.1,0.0,13,6,   2757
2026-01-29 21:46:23,1017599,4.1,0.0,13,6,   2759
2026-01-29 21:46:25,1017599,4.1,0.0,13,6,   2762
2026-01-29 21:46:27,1017599,4.1,0.0,13,6,   2764
2026-01-29 21:46:29,1017599,4.1,0.0,13,6,   2766
2026-01-29 21:46:31,1017599,4.1,0.0,13,6,   2768
2026-01-29 21:46:33,1017599,4.1,0.0,13,6,   2770
2026-01-29 21:46:35,1017599,4.1,0.0,13,6,   2772
2026-01-29 21:46:37,1017599,4.1,0.0,13,6,   2774
2026-01-29 21:46:39,1017599,4.1,0.0,13,6,   2776
2026-01-29 21:46:42,1017599,4.1,0.0,13,6,   2779
2026-01-29 21:46:44,1017599,4.1,0.0,13,6,   2781
2026-01-29 21:46:46,1017599,4.1,0.0,13,6,   2783
2026-01-29 21:46:48,1017599,4.1,0.0,13,6,   2785
2026-01-29 21:46:50,1017599,4.1,0.0,13,6,   2787
2026-01-29 21:46:52,1017599,4.1,0.0,13,6,   2789
2026-01-29 21:46:54,1017599,4.1,0.0,13,6,   2791
2026-01-29 21:46:56,1017599,4.1,0.0,13,6,   2793
2026-01-29 21:46:59,1017599,4.1,0.0,13,6,   2796
2026-01-29 21:47:01,1017599,4.1,0.0,13,6,   2798
2026-01-29 21:47:03,1017599,4.1,0.0,13,6,   2800
2026-01-29 21:47:05,1017599,4.1,0.0,13,6,   2802
2026-01-29 21:47:07,1017599,4.1,0.0,13,6,   2804
2026-01-29 21:47:09,1017599,4.1,0.0,13,6,   2806
2026-01-29 21:47:11,1017599,4.1,0.0,13,6,   2808
2026-01-29 21:47:13,1017599,4.1,0.0,13,6,   2810
2026-01-29 21:47:16,1017599,4.1,0.0,13,6,   2813
2026-01-29 21:47:18,1017599,4.1,0.0,13,6,   2815
2026-01-29 21:47:20,1017599,4.1,0.0,13,6,   2817
2026-01-29 21:47:22,1017599,4.1,0.0,13,6,   2819
2026-01-29 21:47:24,1017599,4.1,0.0,13,6,   2821
2026-01-29 21:47:26,1017599,4.1,0.0,13,6,   2823
2026-01-29 21:47:28,1017599,4.1,0.0,13,6,   2825
2026-01-29 21:47:30,1017599,4.1,0.0,13,6,   2827
2026-01-29 21:47:33,1017599,4.1,0.0,13,6,   2829
2026-01-29 21:47:35,1017599,4.1,0.0,13,6,   2832
2026-01-29 21:47:37,1017599,4.1,0.0,13,6,   2834
2026-01-29 21:47:39,1017599,4.1,0.0,13,6,   2836
2026-01-29 21:47:41,1017599,4.1,0.0,13,6,   2838
2026-01-29 21:47:43,1017599,4.1,0.0,13,6,   2840
2026-01-29 21:47:45,1017599,4.1,0.0,13,6,   2842
2026-01-29 21:47:48,1017599,4.1,0.0,13,6,   2845
2026-01-29 21:47:50,1017599,4.1,0.0,13,6,   2847
2026-01-29 21:47:52,1017599,4.1,0.0,13,6,   2849
2026-01-29 21:47:54,1017599,4.1,0.0,13,6,   2851
2026-01-29 21:47:56,1017599,4.1,0.0,13,6,   2853
2026-01-29 21:47:58,1017599,4.1,0.0,13,6,   2855
2026-01-29 21:48:00,1017599,4.1,0.0,13,6,   2857
2026-01-29 21:48:02,1017599,4.1,0.0,13,6,   2859
2026-01-29 21:48:04,1017599,4.1,0.0,13,6,   2861
2026-01-29 21:48:07,1017599,4.1,0.0,13,6,   2864
2026-01-29 21:48:09,1017599,4.1,0.0,13,6,   2866
2026-01-29 21:48:11,1017599,4.1,0.0,13,6,   2868
2026-01-29 21:48:13,1017599,4.1,0.0,13,6,   2870
2026-01-29 21:48:15,1017599,4.1,0.0,13,6,   2872
2026-01-29 21:48:17,1017599,4.1,0.0,13,6,   2874
2026-01-29 21:48:19,1017599,4.1,0.0,13,6,   2876
2026-01-29 21:48:21,1017599,4.1,0.0,13,6,   2879
2026-01-29 21:48:24,1017599,4.1,0.0,13,6,   2881
2026-01-29 21:48:26,1017599,4.1,0.0,13,6,   2883
2026-01-29 21:48:28,1017599,4.1,0.0,13,6,   2885
2026-01-29 21:48:30,1017599,4.1,0.0,13,6,   2887
2026-01-29 21:48:32,1017599,4.1,0.0,13,6,   2889
2026-01-29 21:48:34,1017599,4.1,0.0,13,6,   2891
2026-01-29 21:48:37,1017599,4.1,0.0,13,6,   2894
2026-01-29 21:48:39,1017599,4.1,0.0,13,6,   2896
2026-01-29 21:48:41,1017599,4.1,0.0,13,6,   2898
2026-01-29 21:48:43,1017599,4.1,0.0,13,6,   2900
2026-01-29 21:48:45,1017599,4.1,0.0,13,6,   2902
2026-01-29 21:48:47,1017599,4.1,0.0,13,6,   2904
2026-01-29 21:48:49,1017599,4.1,0.0,13,6,   2907
2026-01-29 21:48:52,1017599,4.1,0.0,13,6,   2909
2026-01-29 21:48:54,1017599,4.1,0.0,13,6,   2911
2026-01-29 21:48:56,1017599,4.1,0.0,13,6,   2913
2026-01-29 21:48:58,1017599,4.1,0.0,13,6,   2915
2026-01-29 21:49:00,1017599,4.1,0.0,13,6,   2917
2026-01-29 21:49:02,1017599,4.1,0.0,13,6,   2919
2026-01-29 21:49:05,1017599,4.1,0.0,13,6,   2922
2026-01-29 21:49:07,1017599,4.1,0.0,13,6,   2924
2026-01-29 21:49:09,1017599,4.1,0.0,13,6,   2926
2026-01-29 21:49:11,1017599,4.1,0.0,13,6,   2928
2026-01-29 21:49:13,1017599,4.1,0.0,13,6,   2930
2026-01-29 21:49:15,1017599,4.1,0.0,13,6,   2932
2026-01-29 21:49:17,1017599,4.1,0.0,13,6,   2934
2026-01-29 21:49:19,1017599,4.1,0.0,13,6,   2936
2026-01-29 21:49:22,1017599,4.1,0.0,13,6,   2938
2026-01-29 21:49:24,1017599,4.1,0.0,13,6,   2941
2026-01-29 21:49:26,1017599,4.1,0.0,13,6,   2943
2026-01-29 21:49:28,1017599,4.1,0.0,13,6,   2945
2026-01-29 21:49:30,1017599,4.1,0.0,13,6,   2947
2026-01-29 21:49:32,1017599,4.1,0.0,13,6,   2949
2026-01-29 21:49:34,1017599,4.1,0.0,13,6,   2951
2026-01-29 21:49:36,1017599,4.1,0.0,13,6,   2953
2026-01-29 21:49:39,1017599,4.1,0.0,13,6,   2956
2026-01-29 21:49:41,1017599,4.1,0.0,13,6,   2958
2026-01-29 21:49:43,1017599,4.1,0.0,13,6,   2960
2026-01-29 21:49:45,1017599,4.1,0.0,13,6,   2962
2026-01-29 21:49:47,1017599,4.1,0.0,13,6,   2964
2026-01-29 21:49:49,1017599,4.1,0.0,13,6,   2966
2026-01-29 21:49:51,1017599,4.1,0.0,13,6,   2968
2026-01-29 21:49:54,1017599,4.1,0.0,13,6,   2971
2026-01-29 21:49:56,1017599,4.1,0.0,13,6,   2973
2026-01-29 21:49:58,1017599,4.1,0.0,13,6,   2975
2026-01-29 21:50:00,1017599,4.1,0.0,13,6,   2977
2026-01-29 21:50:02,1017599,4.1,0.0,13,6,   2979
2026-01-29 21:50:04,1017599,4.1,0.0,13,6,   2981
2026-01-29 21:50:07,1017599,4.1,0.0,13,6,   2983
2026-01-29 21:50:09,1017599,4.1,0.0,13,6,   2986
2026-01-29 21:50:11,1017599,4.1,0.0,13,6,   2988
2026-01-29 21:50:13,1017599,4.1,0.0,13,6,   2990
2026-01-29 21:50:15,1017599,4.1,0.0,13,6,   2992
2026-01-29 21:50:17,1017599,4.1,0.0,13,6,   2994
2026-01-29 21:50:19,1017599,4.1,0.0,13,6,   2996
2026-01-29 21:50:21,1017599,4.1,0.0,13,6,   2998
2026-01-29 21:50:24,1017599,4.1,0.0,13,6,   3000
2026-01-29 21:50:26,1017599,4.1,0.0,13,6,   3003
2026-01-29 21:50:28,1017599,4.1,0.0,13,6,   3005
2026-01-29 21:50:30,1017599,4.1,0.0,13,6,   3007
2026-01-29 21:50:32,1017599,4.1,0.0,13,6,   3009
2026-01-29 21:50:34,1017599,4.1,0.0,13,6,   3011
2026-01-29 21:50:36,1017599,4.1,0.0,13,6,   3013
2026-01-29 21:50:38,1017599,4.1,0.0,13,6,   3015
2026-01-29 21:50:41,1017599,4.1,0.0,13,6,   3018
2026-01-29 21:50:43,1017599,4.1,0.0,13,6,   3020
2026-01-29 21:50:45,1017599,4.1,0.0,13,6,   3022
2026-01-29 21:50:47,1017599,4.1,0.0,13,6,   3024
2026-01-29 21:50:49,1017599,4.1,0.0,13,6,   3026
2026-01-29 21:50:52,1017599,4.1,0.0,13,6,   3029
2026-01-29 21:50:54,1017599,4.1,0.0,13,6,   3031
2026-01-29 21:50:56,1017599,4.1,0.0,13,6,   3033
2026-01-29 21:50:58,1017599,4.1,0.0,13,6,   3035
2026-01-29 21:51:00,1017599,4.1,0.0,13,6,   3037
2026-01-29 21:51:03,1017599,4.1,0.0,13,6,   3040
2026-01-29 21:51:05,1017599,4.1,0.0,13,6,   3042
2026-01-29 21:51:07,1017599,4.1,0.0,13,6,   3044
2026-01-29 21:51:09,1017599,4.1,0.0,13,6,   3046
2026-01-29 21:51:11,1017599,4.1,0.0,13,6,   3048
2026-01-29 21:51:13,1017599,4.1,0.0,13,6,   3050
2026-01-29 21:51:16,1017599,4.1,0.0,13,6,   3053
2026-01-29 21:51:18,1017599,4.1,0.0,13,6,   3055
2026-01-29 21:51:20,1017599,4.1,0.0,13,6,   3057
2026-01-29 21:51:22,1017599,4.1,0.0,13,6,   3059
2026-01-29 21:51:24,1017599,4.1,0.0,13,6,   3061
2026-01-29 21:51:26,1017599,4.1,0.0,13,6,   3063
2026-01-29 21:51:28,1017599,4.1,0.0,13,6,   3065
2026-01-29 21:51:30,1017599,4.1,0.0,13,6,   3067
2026-01-29 21:51:33,1017599,4.1,0.0,13,6,   3069
2026-01-29 21:51:35,1017599,4.1,0.0,13,6,   3072
2026-01-29 21:51:37,1017599,4.1,0.0,13,6,   3074
2026-01-29 21:51:39,1017599,4.1,0.0,13,6,   3076
2026-01-29 21:51:41,1017599,4.1,0.0,13,6,   3078
2026-01-29 21:51:43,1017599,4.1,0.0,13,6,   3080
2026-01-29 21:51:45,1017599,4.1,0.0,13,6,   3082
2026-01-29 21:51:47,1017599,4.1,0.0,13,6,   3084
2026-01-29 21:51:50,1017599,4.1,0.0,13,6,   3086
2026-01-29 21:51:52,1017599,4.1,0.0,13,6,   3089
2026-01-29 21:51:54,1017599,4.1,0.0,13,6,   3091
2026-01-29 21:51:56,1017599,4.1,0.0,13,6,   3093
2026-01-29 21:51:58,1017599,4.1,0.0,13,6,   3095
2026-01-29 21:52:00,1017599,4.1,0.0,13,6,   3097
2026-01-29 21:52:02,1017599,4.1,0.0,13,6,   3099
2026-01-29 21:52:04,1017599,4.1,0.0,13,6,   3101
2026-01-29 21:52:07,1017599,4.1,0.0,13,6,   3104
2026-01-29 21:52:09,1017599,4.1,0.0,13,6,   3106
2026-01-29 21:52:11,1017599,4.1,0.0,13,6,   3108
2026-01-29 21:52:13,1017599,4.1,0.0,13,6,   3110
2026-01-29 21:52:15,1017599,4.1,0.0,13,6,   3112
2026-01-29 21:52:17,1017599,4.1,0.0,13,6,   3114
2026-01-29 21:52:20,1017599,4.1,0.0,13,6,   3117
2026-01-29 21:52:22,1017599,4.1,0.0,13,6,   3119
2026-01-29 21:52:24,1017599,4.1,0.0,13,6,   3121
2026-01-29 21:52:26,1017599,4.1,0.0,13,6,   3123
2026-01-29 21:52:28,1017599,4.1,0.0,13,6,   3125
2026-01-29 21:52:30,1017599,4.1,0.0,13,6,   3127
2026-01-29 21:52:32,1017599,4.1,0.0,13,6,   3129
2026-01-29 21:52:35,1017599,4.1,0.0,13,6,   3132
2026-01-29 21:52:37,1017599,4.1,0.0,13,6,   3134
2026-01-29 21:52:39,1017599,4.1,0.0,13,6,   3136
2026-01-29 21:52:41,1017599,4.1,0.0,13,6,   3138
2026-01-29 21:52:43,1017599,4.1,0.0,13,6,   3140
2026-01-29 21:52:45,1017599,4.1,0.0,13,6,   3142
2026-01-29 21:52:48,1017599,4.1,0.0,13,6,   3145
2026-01-29 21:52:50,1017599,4.1,0.0,13,6,   3147
2026-01-29 21:52:52,1017599,4.1,0.0,13,6,   3149
2026-01-29 21:52:54,1017599,4.1,0.0,13,6,   3151
2026-01-29 21:52:56,1017599,4.1,0.0,13,6,   3153
2026-01-29 21:52:58,1017599,4.1,0.0,13,6,   3155
2026-01-29 21:53:01,1017599,4.1,0.0,13,6,   3158
2026-01-29 21:53:03,1017599,4.1,0.0,13,6,   3160
2026-01-29 21:53:05,1017599,4.1,0.0,13,6,   3162
2026-01-29 21:53:07,1017599,4.1,0.0,13,6,   3164
2026-01-29 21:53:09,1017599,4.1,0.0,13,6,   3166
2026-01-29 21:53:11,1017599,4.1,0.0,13,6,   3168
2026-01-29 21:53:13,1017599,4.1,0.0,13,6,   3171
2026-01-29 21:53:16,1017599,4.1,0.0,13,6,   3173
2026-01-29 21:53:18,1017599,4.1,0.0,13,6,   3175
2026-01-29 21:53:20,1017599,4.1,0.0,13,6,   3177
2026-01-29 21:53:22,1017599,4.1,0.0,13,6,   3179
2026-01-29 21:53:24,1017599,4.1,0.0,13,6,   3181
2026-01-29 21:53:26,1017599,4.1,0.0,13,6,   3183
2026-01-29 21:53:29,1017599,4.1,0.0,13,6,   3186
2026-01-29 21:53:31,1017599,4.1,0.0,13,6,   3188
2026-01-29 21:53:33,1017599,4.1,0.0,13,6,   3190
2026-01-29 21:53:35,1017599,4.1,0.0,13,6,   3192
2026-01-29 21:53:38,1017599,4.1,0.0,13,6,   3195
2026-01-29 21:53:40,1017599,4.1,0.0,13,6,   3197
2026-01-29 21:53:42,1017599,4.1,0.0,13,6,   3199
2026-01-29 21:53:44,1017599,4.1,0.0,13,6,   3201
2026-01-29 21:53:46,1017599,4.1,0.0,13,6,   3203
2026-01-29 21:53:49,1017599,4.1,0.0,13,6,   3206
2026-01-29 21:53:51,1017599,4.1,0.0,13,6,   3208
2026-01-29 21:53:53,1017599,4.1,0.0,13,6,   3210
2026-01-29 21:53:55,1017599,4.1,0.0,13,6,   3212
2026-01-29 21:53:57,1017599,4.1,0.0,13,6,   3214
2026-01-29 21:53:59,1017599,4.1,0.0,13,6,   3216
2026-01-29 21:54:01,1017599,4.1,0.0,13,6,   3218
2026-01-29 21:54:03,1017599,4.1,0.0,13,6,   3220
2026-01-29 21:54:05,1017599,4.1,0.0,13,6,   3222
2026-01-29 21:54:08,1017599,4.1,0.0,13,6,   3225
2026-01-29 21:54:10,1017599,4.1,0.0,13,6,   3227
2026-01-29 21:54:12,1017599,4.1,0.0,13,6,   3229
2026-01-29 21:54:14,1017599,4.1,0.0,13,6,   3231
2026-01-29 21:54:16,1017599,4.1,0.0,13,6,   3233
2026-01-29 21:54:18,1017599,4.1,0.0,13,6,   3235
2026-01-29 21:54:21,1017599,4.1,0.0,13,6,   3238
2026-01-29 21:54:23,1017599,4.1,0.0,13,6,   3240
2026-01-29 21:54:25,1017599,4.1,0.0,13,6,   3242
2026-01-29 21:54:27,1017599,4.1,0.0,13,6,   3244
2026-01-29 21:54:29,1017599,4.1,0.0,13,6,   3246
2026-01-29 21:54:31,1017599,4.1,0.0,13,6,   3248
2026-01-29 21:54:33,1017599,4.1,0.0,13,6,   3250
2026-01-29 21:54:35,1017599,4.1,0.0,13,6,   3252
2026-01-29 21:54:38,1017599,4.1,0.0,13,6,   3255
2026-01-29 21:54:40,1017599,4.1,0.0,13,6,   3257
2026-01-29 21:54:42,1017599,4.1,0.0,13,6,   3259
2026-01-29 21:54:44,1017599,4.1,0.0,13,6,   3261
2026-01-29 21:54:46,1017599,4.1,0.0,13,6,   3263
2026-01-29 21:54:48,1017599,4.1,0.0,13,6,   3265
2026-01-29 21:54:51,1017599,4.1,0.0,13,6,   3268
2026-01-29 21:54:53,1017599,4.1,0.0,13,6,   3270
2026-01-29 21:54:55,1017599,4.1,0.0,13,6,   3272
2026-01-29 21:54:57,1017599,4.1,0.0,13,6,   3274
2026-01-29 21:54:59,1017599,4.1,0.0,13,6,   3276
2026-01-29 21:55:01,1017599,4.1,0.0,13,6,   3278
2026-01-29 21:55:03,1017599,4.1,0.0,13,6,   3280
2026-01-29 21:55:05,1017599,4.1,0.0,13,6,   3282
2026-01-29 21:55:08,1017599,4.1,0.0,13,6,   3285
2026-01-29 21:55:10,1017599,4.1,0.0,13,6,   3287
2026-01-29 21:55:12,1017599,4.1,0.0,13,6,   3289
2026-01-29 21:55:14,1017599,4.1,0.0,13,6,   3291
2026-01-29 21:55:16,1017599,4.1,0.0,13,6,   3293
2026-01-29 21:55:19,1017599,4.1,0.0,13,6,   3296
2026-01-29 21:55:21,1017599,4.1,0.0,13,6,   3298
2026-01-29 21:55:23,1017599,4.1,0.0,13,6,   3300
2026-01-29 21:55:25,1017599,4.1,0.0,13,6,   3302
2026-01-29 21:55:27,1017599,4.1,0.0,13,6,   3304
2026-01-29 21:55:29,1017599,4.1,0.0,13,6,   3306
2026-01-29 21:55:31,1017599,4.1,0.0,13,6,   3308
2026-01-29 21:55:34,1017599,4.1,0.0,13,6,   3311
2026-01-29 21:55:36,1017599,4.1,0.0,13,6,   3313
2026-01-29 21:55:38,1017599,4.1,0.0,13,6,   3315
2026-01-29 21:55:40,1017599,4.1,0.0,13,6,   3317
2026-01-29 21:55:42,1017599,4.1,0.0,13,6,   3319
2026-01-29 21:55:44,1017599,4.1,0.0,13,6,   3321
2026-01-29 21:55:46,1017599,4.1,0.0,13,6,   3323
2026-01-29 21:55:49,1017599,4.1,0.0,13,6,   3325
2026-01-29 21:55:51,1017599,4.1,0.0,13,6,   3328
2026-01-29 21:55:53,1017599,4.1,0.0,13,6,   3330
2026-01-29 21:55:55,1017599,4.1,0.0,13,6,   3332
2026-01-29 21:55:57,1017599,4.1,0.0,13,6,   3334
2026-01-29 21:55:59,1017599,4.1,0.0,13,6,   3336
2026-01-29 21:56:01,1017599,4.1,0.0,13,6,   3338
2026-01-29 21:56:03,1017599,4.1,0.0,13,6,   3340
2026-01-29 21:56:06,1017599,4.1,0.0,13,6,   3342
2026-01-29 21:56:08,1017599,4.1,0.0,13,6,   3345
2026-01-29 21:56:10,1017599,4.1,0.0,13,6,   3347
2026-01-29 21:56:12,1017599,4.1,0.0,13,6,   3349
2026-01-29 21:56:14,1017599,4.1,0.0,13,6,   3351
2026-01-29 21:56:16,1017599,4.1,0.0,13,6,   3353
2026-01-29 21:56:18,1017599,4.1,0.0,13,6,   3355
2026-01-29 21:56:20,1017599,4.1,0.0,13,6,   3357
2026-01-29 21:56:23,1017599,4.1,0.0,13,6,   3359
2026-01-29 21:56:25,1017599,4.1,0.0,13,6,   3362
2026-01-29 21:56:27,1017599,4.1,0.0,13,6,   3364
2026-01-29 21:56:29,1017599,4.1,0.0,13,6,   3366
2026-01-29 21:56:31,1017599,4.1,0.0,13,6,   3368
2026-01-29 21:56:33,1017599,4.1,0.0,13,6,   3370
2026-01-29 21:56:35,1017599,4.1,0.0,13,6,   3372
2026-01-29 21:56:37,1017599,4.1,0.0,13,6,   3374
2026-01-29 21:56:39,1017599,4.1,0.0,13,6,   3376
2026-01-29 21:56:42,1017599,4.1,0.0,13,6,   3378
2026-01-29 21:56:44,1017599,4.1,0.0,13,7,   3381
2026-01-29 21:56:46,1017599,4.1,0.0,13,6,   3383
2026-01-29 21:56:48,1017599,4.1,0.0,13,6,   3385
2026-01-29 21:56:50,1017599,4.1,0.0,13,6,   3387
2026-01-29 21:56:52,1017599,4.1,0.0,13,6,   3389
2026-01-29 21:56:54,1017599,4.1,0.0,13,6,   3391
2026-01-29 21:56:57,1017599,4.1,0.0,13,6,   3394
2026-01-29 21:56:59,1017599,4.1,0.0,13,6,   3396
2026-01-29 21:57:01,1017599,4.1,0.0,13,6,   3398
2026-01-29 21:57:03,1017599,4.1,0.0,13,6,   3400
2026-01-29 21:57:05,1017599,4.1,0.0,13,6,   3402
2026-01-29 21:57:07,1017599,4.1,0.0,13,6,   3404
2026-01-29 21:57:09,1017599,4.1,0.0,13,6,   3406
2026-01-29 21:57:12,1017599,4.1,0.0,13,6,   3409
2026-01-29 21:57:14,1017599,4.1,0.0,13,6,   3411
2026-01-29 21:57:16,1017599,4.1,0.0,13,6,   3413
2026-01-29 21:57:18,1017599,4.1,0.0,13,6,   3415
2026-01-29 21:57:20,1017599,4.1,0.0,13,6,   3417
2026-01-29 21:57:22,1017599,4.1,0.0,13,6,   3419
2026-01-29 21:57:24,1017599,4.1,0.0,13,6,   3421
2026-01-29 21:57:27,1017599,4.1,0.0,13,7,   3424
2026-01-29 21:57:29,1017599,4.1,0.0,13,6,   3426
2026-01-29 21:57:31,1017599,4.1,0.0,13,6,   3428
2026-01-29 21:57:33,1017599,4.1,0.0,13,6,   3430
2026-01-29 21:57:35,1017599,4.1,0.0,13,6,   3432
2026-01-29 21:57:37,1017599,4.1,0.0,13,6,   3434
2026-01-29 21:57:40,1017599,4.1,0.0,13,6,   3437
2026-01-29 21:57:42,1017599,4.1,0.0,13,6,   3439
2026-01-29 21:57:44,1017599,4.1,0.0,13,6,   3441
2026-01-29 21:57:46,1017599,4.1,0.0,13,6,   3443
2026-01-29 21:57:48,1017599,4.1,0.0,13,6,   3445
2026-01-29 21:57:50,1017599,4.1,0.0,13,6,   3447
2026-01-29 21:57:52,1017599,4.1,0.0,13,6,   3449
2026-01-29 21:57:55,1017599,4.1,0.0,13,6,   3452
2026-01-29 21:57:57,1017599,4.1,0.0,13,6,   3454
2026-01-29 21:57:59,1017599,4.1,0.0,13,6,   3456
2026-01-29 21:58:01,1017599,4.1,0.0,13,6,   3458
2026-01-29 21:58:03,1017599,4.1,0.0,13,6,   3460
2026-01-29 21:58:05,1017599,4.1,0.0,13,6,   3462
2026-01-29 21:58:07,1017599,4.1,0.0,13,6,   3464
2026-01-29 21:58:10,1017599,4.1,0.0,13,6,   3466
2026-01-29 21:58:12,1017599,4.1,0.0,13,6,   3469
2026-01-29 21:58:14,1017599,4.1,0.0,13,6,   3471
2026-01-29 21:58:16,1017599,4.1,0.0,13,6,   3473
2026-01-29 21:58:18,1017599,4.1,0.0,13,6,   3475
2026-01-29 21:58:20,1017599,4.1,0.0,13,7,   3477
2026-01-29 21:58:22,1017599,4.1,0.0,13,6,   3479
2026-01-29 21:58:24,1017599,4.1,0.0,13,6,   3481
2026-01-29 21:58:27,1017599,4.1,0.0,13,6,   3483
2026-01-29 21:58:29,1017599,4.1,0.0,13,6,   3486
2026-01-29 21:58:31,1017599,4.1,0.0,13,6,   3488
2026-01-29 21:58:33,1017599,4.1,0.0,13,7,   3490
2026-01-29 21:58:35,1017599,4.1,0.0,13,6,   3492
2026-01-29 21:58:37,1017599,4.1,0.0,13,6,   3494
2026-01-29 21:58:39,1017599,4.1,0.0,13,6,   3496
2026-01-29 21:58:41,1017599,4.1,0.0,13,6,   3498
2026-01-29 21:58:44,1017599,4.1,0.0,13,6,   3501
2026-01-29 21:58:46,1017599,4.1,0.0,13,6,   3503
2026-01-29 21:58:48,1017599,4.1,0.0,13,6,   3505
2026-01-29 21:58:50,1017599,4.1,0.0,13,6,   3507
2026-01-29 21:58:52,1017599,4.1,0.0,13,6,   3509
2026-01-29 21:58:54,1017599,4.1,0.0,13,6,   3511
2026-01-29 21:58:56,1017599,4.1,0.0,13,7,   3513
2026-01-29 21:58:59,1017599,4.1,0.0,13,6,   3515
2026-01-29 21:59:01,1017599,4.1,0.0,13,6,   3518
2026-01-29 21:59:03,1017599,4.1,0.0,13,6,   3520
2026-01-29 21:59:05,1017599,4.1,0.0,13,6,   3522
2026-01-29 21:59:07,1017599,4.1,0.0,13,6,   3524
2026-01-29 21:59:09,1017599,4.1,0.0,13,7,   3526
2026-01-29 21:59:11,1017599,4.1,0.0,13,7,   3528
2026-01-29 21:59:13,1017599,4.1,0.0,13,6,   3530
2026-01-29 21:59:16,1017599,4.1,0.0,13,6,   3532
2026-01-29 21:59:18,1017599,4.1,0.0,13,6,   3535
2026-01-29 21:59:20,1017599,4.1,0.0,13,6,   3537
2026-01-29 21:59:22,1017599,4.1,0.0,13,7,   3539
2026-01-29 21:59:24,1017599,4.1,0.0,13,7,   3541
2026-01-29 21:59:26,1017599,4.1,0.0,13,6,   3543
2026-01-29 21:59:28,1017599,4.1,0.0,13,6,   3545
2026-01-29 21:59:31,1017599,4.1,0.0,13,6,   3548
2026-01-29 21:59:33,1017599,4.1,0.0,13,6,   3550
2026-01-29 21:59:35,1017599,4.1,0.0,13,6,   3552
2026-01-29 21:59:37,1017599,4.1,0.0,13,7,   3554
2026-01-29 21:59:39,1017599,4.1,0.0,13,6,   3556
2026-01-29 21:59:41,1017599,4.1,0.0,13,6,   3558
2026-01-29 21:59:43,1017599,4.1,0.0,13,6,   3560
2026-01-29 21:59:45,1017599,4.1,0.0,13,6,   3562
2026-01-29 21:59:48,1017599,4.1,0.0,13,6,   3565
2026-01-29 21:59:50,1017599,4.1,0.0,13,7,   3567
2026-01-29 21:59:52,1017599,4.1,0.0,13,7,   3569
2026-01-29 21:59:54,1017599,4.1,0.0,13,6,   3571
2026-01-29 21:59:57,1017599,4.1,0.0,13,6,   3574
2026-01-29 21:59:59,1017599,4.1,0.0,13,6,   3576
2026-01-29 22:00:01,1017599,4.1,0.0,13,6,   3578
2026-01-29 22:00:03,1017599,4.1,0.0,13,7,   3580
2026-01-29 22:00:05,1017599,4.1,0.0,13,7,   3582
2026-01-29 22:00:07,1017599,4.1,0.0,13,6,   3585
2026-01-29 22:00:10,1017599,4.1,0.0,13,6,   3587
2026-01-29 22:00:12,1017599,4.1,0.0,13,6,   3589
2026-01-29 22:00:14,1017599,4.1,0.0,13,6,   3591
2026-01-29 22:00:16,1017599,4.1,0.0,13,6,   3593
2026-01-29 22:00:18,1017599,4.1,0.0,13,7,   3595
2026-01-29 22:00:20,1017599,4.1,0.0,13,7,   3597
2026-01-29 22:00:22,1017599,4.1,0.0,13,6,   3599
2026-01-29 22:00:25,1017599,4.1,0.0,13,6,   3602
2026-01-29 22:00:27,1017599,4.1,0.0,13,6,   3604
2026-01-29 22:00:29,1017599,4.1,0.0,13,6,   3606
2026-01-29 22:00:31,1017599,4.1,0.0,14,7,   3608
2026-01-29 22:00:33,1017599,4.1,0.0,14,7,   3610
2026-01-29 22:00:35,1017599,4.1,0.0,14,7,   3612
2026-01-29 22:00:37,1017599,4.1,0.0,14,7,   3614
2026-01-29 22:00:40,1017599,4.1,0.0,14,7,   3617
2026-01-29 22:00:42,1017599,4.1,0.0,14,7,   3619
2026-01-29 22:00:44,1017599,4.1,0.0,14,7,   3621
2026-01-29 22:00:46,1017599,4.1,0.0,14,8,   3623
2026-01-29 22:00:48,1017599,4.1,0.0,14,7,   3625
2026-01-29 22:00:50,1017599,4.1,0.0,14,7,   3627
