timestamp,pid,cpu_percent,mem_percent,mem_mb,uptime_sec
2026-07-26 18:21:56,3167,0.0,0.1,6.2,      0
2026-07-26 18:21:58,3167,3.0,0.1,6.9,      2
2026-07-26 18:22:00,3167,1.5,0.1,6.9,      4
2026-07-26 18:22:02,3167,1.0,0.1,6.9,      6
2026-07-26 18:22:05,3167,0.7,0.1,6.9,      8
2026-07-26 18:22:07,3167,0.5,0.1,6.9,     11
2026-07-26 18:22:09,3167,0.4,0.1,6.9,     13
2026-07-26 18:22:11,3167,0.4,0.1,6.9,     15
2026-07-26 18:22:13,3167,0.3,0.1,6.9,     17
2026-07-26 18:22:15,3167,0.3,0.1,6.9,     19
2026-07-26 18:22:17,3167,0.2,0.1,6.9,     21
2026-07-26 18:22:19,3167,0.2,0.1,6.9,     23
2026-07-26 18:22:21,3167,0.2,0.1,6.9,     25
2026-07-26 18:22:23,3167,0.2,0.1,6.9,     27
2026-07-26 18:22:25,3167,0.2,0.1,6.9,     29
2026-07-26 18:22:27,3167,0.2,0.1,6.9,     31
2026-07-26 18:22:29,3167,0.3,0.1,7.0,     33
2026-07-26 18:22:31,3167,0.3,0.1,7.0,     35
2026-07-26 18:22:33,3167,0.3,0.1,7.0,     37
2026-07-26 18:22:36,3167,0.3,0.1,7.0,     39
2026-07-26 18:22:38,3167,0.2,0.1,7.0,     42
2026-07-26 18:22:40,3167,0.2,0.1,7.0,     44
2026-07-26 18:22:42,3167,0.2,0.1,7.0,     46
2026-07-26 18:22:44,3167,0.2,0.1,7.0,     48
2026-07-26 18:22:46,3167,0.2,0.1,7.0,     50
2026-07-26 18:22:48,3167,0.2,0.1,7.0,     52
2026-07-26 18:22:50,3167,0.2,0.1,7.0,     54
2026-07-26 18:22:52,3167,0.2,0.1,7.0,     56
2026-07-26 18:22:54,3167,0.2,0.1,7.0,     58
2026-07-26 18:22:56,3167,0.2,0.1,7.0,     60
2026-07-26 18:22:58,3167,0.2,0.1,7.0,     62
2026-07-26 18:23:00,3167,0.2,0.1,7.0,     64
2026-07-26 18:23:02,3167,0.2,0.1,7.0,     66
2026-07-26 18:23:04,3167,0.2,0.1,7.0,     68
2026-07-26 18:23:06,3167,0.2,0.1,7.0,     70
2026-07-26 18:23:09,3167,0.2,0.1,7.0,     72
2026-07-26 18:23:11,3167,0.2,0.1,7.0,     75
2026-07-26 18:23:13,3167,0.2,0.1,7.0,     77
2026-07-26 18:23:15,3167,0.2,0.1,7.0,     79
2026-07-26 18:23:17,3167,0.2,0.1,7.0,     81
2026-07-26 18:23:19,3167,0.2,0.1,7.0,     83
2026-07-26 18:23:21,3167,0.2,0.1,7.0,     85
2026-07-26 18:23:23,3167,0.1,0.1,7.0,     87
2026-07-26 18:23:25,3167,0.1,0.1,7.0,     89
2026-07-26 18:23:27,3167,0.1,0.1,7.0,     91
2026-07-26 18:23:29,3167,0.2,0.1,7.0,     93
2026-07-26 18:23:31,3167,0.2,0.1,7.0,     95
2026-07-26 18:23:33,3167,0.2,0.1,7.0,     97
2026-07-26 18:23:35,3167,0.2,0.1,7.0,     99
2026-07-26 18:23:37,3167,0.2,0.1,7.0,    101
2026-07-26 18:23:39,3167,0.2,0.1,7.0,    103
2026-07-26 18:23:42,3167,0.2,0.1,7.0,    105
2026-07-26 18:23:44,3167,0.2,0.1,7.0,    108
2026-07-26 18:23:46,3167,0.2,0.1,7.0,    110
2026-07-26 18:23:48,3167,0.1,0.1,7.0,    112
2026-07-26 18:23:50,3167,0.1,0.1,7.0,    114
2026-07-26 18:23:52,3167,0.1,0.1,7.0,    116
2026-07-26 18:23:54,3167,0.1,0.1,7.0,    118
2026-07-26 18:23:56,3167,0.1,0.1,7.0,    120
2026-07-26 18:23:58,3167,0.1,0.1,7.0,    122
2026-07-26 18:24:00,3167,0.2,0.1,7.0,    124
2026-07-26 18:24:02,3167,0.2,0.1,7.0,    126
2026-07-26 18:24:04,3167,0.2,0.1,7.0,    128
2026-07-26 18:24:06,3167,0.2,0.1,7.0,    130
2026-07-26 18:24:08,3167,0.2,0.1,7.0,    132
2026-07-26 18:24:10,3167,0.2,0.1,7.0,    134
2026-07-26 18:24:12,3167,0.2,0.1,7.0,    136
2026-07-26 18:24:15,3167,0.2,0.1,7.0,    138
2026-07-26 18:24:17,3167,0.1,0.1,7.0,    141
2026-07-26 18:24:19,3167,0.1,0.1,7.0,    143
2026-07-26 18:24:21,3167,0.1,0.1,7.0,    145
2026-07-26 18:24:23,3167,0.1,0.1,7.0,    147
2026-07-26 18:24:25,3167,0.1,0.1,7.0,    149
2026-07-26 18:24:27,3167,0.1,0.1,7.0,    151
2026-07-26 18:24:29,3167,0.1,0.1,7.0,    153
2026-07-26 18:24:31,3167,0.2,0.1,7.1,    155
2026-07-26 18:24:33,3167,0.2,0.1,7.1,    157
2026-07-26 18:24:35,3167,0.2,0.1,7.1,    159
2026-07-26 18:24:37,3167,0.2,0.1,7.1,    161
2026-07-26 18:24:39,3167,0.2,0.1,7.1,    163
2026-07-26 18:24:41,3167,0.2,0.1,7.1,    165
2026-07-26 18:24:43,3167,0.1,0.1,7.1,    167
2026-07-26 18:24:46,3167,0.1,0.1,7.1,    169
2026-07-26 18:24:48,3167,0.1,0.1,7.1,    172
2026-07-26 18:24:50,3167,0.1,0.1,7.1,    174
2026-07-26 18:24:52,3167,0.1,0.1,7.1,    176
2026-07-26 18:24:54,3167,0.1,0.1,7.1,    178
2026-07-26 18:24:56,3167,0.1,0.1,7.1,    180
2026-07-26 18:24:58,3167,0.1,0.1,7.1,    182
2026-07-26 18:25:00,3167,0.1,0.1,7.1,    184
2026-07-26 18:25:02,3167,0.2,0.1,7.1,    186
2026-07-26 18:25:04,3167,0.2,0.1,7.1,    188
2026-07-26 18:25:06,3167,0.2,0.1,7.1,    190
2026-07-26 18:25:08,3167,0.1,0.1,7.1,    192
2026-07-26 18:25:10,3167,0.1,0.1,7.1,    194
2026-07-26 18:25:12,3167,0.1,0.1,7.1,    196
2026-07-26 18:25:14,3167,0.1,0.1,7.1,    198
2026-07-26 18:25:16,3167,0.1,0.1,7.1,    200
2026-07-26 18:25:19,3167,0.1,0.1,7.1,    203
2026-07-26 18:25:21,3167,0.1,0.1,7.1,    205
2026-07-26 18:25:23,3167,0.1,0.1,7.1,    207
2026-07-26 18:25:25,3167,0.1,0.1,7.1,    209
2026-07-26 18:25:27,3167,0.1,0.1,7.1,    211
2026-07-26 18:25:29,3167,0.1,0.1,7.1,    213
2026-07-26 18:25:31,3167,0.1,0.1,7.1,    215
2026-07-26 18:25:33,3167,0.1,0.1,7.1,    217
2026-07-26 18:25:35,3167,0.1,0.1,7.1,    219
2026-07-26 18:25:37,3167,0.1,0.1,7.1,    221
2026-07-26 18:25:39,3167,0.1,0.1,7.1,    223
2026-07-26 18:25:41,3167,0.1,0.1,7.1,    225
2026-07-26 18:25:43,3167,0.1,0.1,7.1,    227
2026-07-26 18:25:45,3167,0.1,0.1,7.1,    229
2026-07-26 18:25:47,3167,0.1,0.1,7.1,    231
2026-07-26 18:25:50,3167,0.1,0.1,7.1,    233
2026-07-26 18:25:52,3167,0.1,0.1,7.1,    236
2026-07-26 18:25:54,3167,0.1,0.1,7.1,    238
2026-07-26 18:25:56,3167,0.1,0.1,7.1,    240
2026-07-26 18:25:58,3167,0.1,0.1,7.1,    242
2026-07-26 18:26:00,3167,0.1,0.1,7.1,    244
2026-07-26 18:26:02,3167,0.1,0.1,7.1,    246
2026-07-26 18:26:04,3167,0.1,0.1,7.1,    248
2026-07-26 18:26:06,3167,0.1,0.1,7.1,    250
2026-07-26 18:26:08,3167,0.1,0.1,7.1,    252
2026-07-26 18:26:10,3167,0.1,0.1,7.1,    254
2026-07-26 18:26:12,3167,0.1,0.1,7.1,    256
2026-07-26 18:26:14,3167,0.1,0.1,7.1,    258
2026-07-26 18:26:16,3167,0.1,0.1,7.1,    260
2026-07-26 18:26:18,3167,0.1,0.1,7.1,    262
2026-07-26 18:26:21,3167,0.1,0.1,7.1,    264
2026-07-26 18:26:23,3167,0.1,0.1,7.1,    267
2026-07-26 18:26:25,3167,0.1,0.1,7.1,    269
2026-07-26 18:26:27,3167,0.1,0.1,7.1,    271
2026-07-26 18:26:29,3167,0.1,0.1,7.1,    273
2026-07-26 18:26:31,3167,0.1,0.1,7.1,    275
2026-07-26 18:26:33,3167,0.1,0.1,7.1,    277
2026-07-26 18:26:35,3167,0.1,0.1,7.1,    279
2026-07-26 18:26:37,3167,0.1,0.1,7.1,    281
2026-07-26 18:26:39,3167,0.1,0.1,7.1,    283
2026-07-26 18:26:41,3167,0.1,0.1,7.1,    285
2026-07-26 18:26:43,3167,0.1,0.1,7.1,    287
2026-07-26 18:26:45,3167,0.1,0.1,7.1,    289
2026-07-26 18:26:47,3167,0.1,0.1,7.1,    291
2026-07-26 18:26:49,3167,0.1,0.1,7.1,    293
2026-07-26 18:26:51,3167,0.1,0.1,7.1,    295
2026-07-26 18:26:54,3167,0.1,0.1,7.1,    297
2026-07-26 18:26:56,3167,0.1,0.1,7.1,    300
2026-07-26 18:26:58,3167,0.1,0.1,7.1,    302
2026-07-26 18:27:00,3167,0.1,0.1,7.1,    304
2026-07-26 18:27:02,3167,0.1,0.1,7.1,    306
2026-07-26 18:27:04,3167,0.1,0.1,7.1,    308
2026-07-26 18:27:06,3167,0.1,0.1,7.1,    310
2026-07-26 18:27:08,3167,0.1,0.1,7.1,    312
2026-07-26 18:27:10,3167,0.1,0.1,7.1,    314
2026-07-26 18:27:12,3167,0.1,0.1,7.1,    316
2026-07-26 18:27:14,3167,0.1,0.1,7.1,    318
2026-07-26 18:27:16,3167,0.1,0.1,7.1,    320
2026-07-26 18:27:18,3167,0.1,0.1,7.1,    322
2026-07-26 18:27:20,3167,0.1,0.1,7.1,    324
2026-07-26 18:27:22,3167,0.1,0.1,7.1,    326
2026-07-26 18:27:25,3167,0.1,0.1,7.1,    328
2026-07-26 18:27:27,3167,0.1,0.1,7.1,    331
2026-07-26 18:27:29,3167,0.1,0.1,7.1,    333
2026-07-26 18:27:31,3167,0.1,0.1,7.1,    335
2026-07-26 18:27:33,3167,0.1,0.1,7.1,    337
2026-07-26 18:27:35,3167,0.1,0.1,7.1,    339
2026-07-26 18:27:37,3167,0.1,0.1,7.1,    341
2026-07-26 18:27:39,3167,0.1,0.1,7.1,    343
2026-07-26 18:27:41,3167,0.1,0.1,7.1,    345
2026-07-26 18:27:43,3167,0.1,0.1,7.1,    347
2026-07-26 18:27:45,3167,0.1,0.1,7.1,    349
2026-07-26 18:27:47,3167,0.1,0.1,7.1,    351
2026-07-26 18:27:49,3167,0.1,0.1,7.1,    353
2026-07-26 18:27:51,3167,0.1,0.1,7.1,    355
2026-07-26 18:27:53,3167,0.1,0.1,7.1,    357
2026-07-26 18:27:55,3167,0.1,0.1,7.1,    359
2026-07-26 18:27:58,3167,0.1,0.1,7.1,    362
2026-07-26 18:28:00,3167,0.1,0.1,7.1,    364
2026-07-26 18:28:02,3167,0.1,0.1,7.1,    366
2026-07-26 18:28:04,3167,0.1,0.1,7.1,    368
2026-07-26 18:28:06,3167,0.1,0.1,7.1,    370
2026-07-26 18:28:08,3167,0.1,0.1,7.1,    372
2026-07-26 18:28:10,3167,0.1,0.1,7.1,    374
2026-07-26 18:28:12,3167,0.1,0.1,7.1,    376
2026-07-26 18:28:14,3167,0.1,0.1,7.1,    378
2026-07-26 18:28:16,3167,0.1,0.1,7.1,    380
2026-07-26 18:28:18,3167,0.1,0.1,7.1,    382
2026-07-26 18:28:20,3167,0.1,0.1,7.1,    384
2026-07-26 18:28:22,3167,0.1,0.1,7.1,    386
2026-07-26 18:28:24,3167,0.1,0.1,7.1,    388
2026-07-26 18:28:26,3167,0.1,0.1,7.1,    390
2026-07-26 18:28:29,3167,0.1,0.1,7.1,    393
2026-07-26 18:28:31,3167,0.1,0.1,7.1,    395
2026-07-26 18:28:33,3167,0.1,0.1,7.1,    397
2026-07-26 18:28:35,3167,0.1,0.1,7.1,    399
2026-07-26 18:28:37,3167,0.1,0.1,7.1,    401
2026-07-26 18:28:39,3167,0.1,0.1,7.1,    403
2026-07-26 18:28:41,3167,0.1,0.1,7.1,    405
2026-07-26 18:28:43,3167,0.1,0.1,7.1,    407
2026-07-26 18:28:45,3167,0.1,0.1,7.1,    409
2026-07-26 18:28:47,3167,0.1,0.1,7.1,    411
2026-07-26 18:28:49,3167,0.1,0.1,7.1,    413
2026-07-26 18:28:51,3167,0.1,0.1,7.1,    415
2026-07-26 18:28:53,3167,0.1,0.1,7.1,    417
2026-07-26 18:28:55,3167,0.1,0.1,7.1,    419
2026-07-26 18:28:58,3167,0.1,0.1,7.1,    421
2026-07-26 18:29:00,3167,0.1,0.1,7.1,    424
2026-07-26 18:29:02,3167,0.1,0.1,7.1,    426
2026-07-26 18:29:04,3167,0.1,0.1,7.1,    428
2026-07-26 18:29:06,3167,0.1,0.1,7.1,    430
2026-07-26 18:29:08,3167,0.1,0.1,7.1,    432
2026-07-26 18:29:10,3167,0.1,0.1,7.1,    434
2026-07-26 18:29:12,3167,0.1,0.1,7.1,    436
2026-07-26 18:29:14,3167,0.1,0.1,7.1,    438
2026-07-26 18:29:16,3167,0.1,0.1,7.1,    440
2026-07-26 18:29:18,3167,0.1,0.1,7.1,    442
2026-07-26 18:29:20,3167,0.1,0.1,7.1,    444
2026-07-26 18:29:22,3167,0.1,0.1,7.1,    446
2026-07-26 18:29:24,3167,0.1,0.1,7.1,    448
2026-07-26 18:29:26,3167,0.1,0.1,7.1,    450
2026-07-26 18:29:28,3167,0.1,0.1,7.1,    452
2026-07-26 18:29:31,3167,0.1,0.1,7.1,    455
2026-07-26 18:29:33,3167,0.1,0.1,7.1,    457
2026-07-26 18:29:35,3167,0.1,0.1,7.1,    459
2026-07-26 18:29:37,3167,0.1,0.1,7.1,    461
2026-07-26 18:29:39,3167,0.1,0.1,7.1,    463
2026-07-26 18:29:41,3167,0.1,0.1,7.1,    465
2026-07-26 18:29:43,3167,0.1,0.1,7.1,    467
2026-07-26 18:29:45,3167,0.1,0.1,7.1,    469
2026-07-26 18:29:47,3167,0.1,0.1,7.1,    471
2026-07-26 18:29:49,3167,0.1,0.1,7.1,    473
2026-07-26 18:29:51,3167,0.1,0.1,7.1,    475
2026-07-26 18:29:53,3167,0.1,0.1,7.1,    477
2026-07-26 18:29:55,3167,0.1,0.1,7.1,    479
2026-07-26 18:29:57,3167,0.1,0.1,7.1,    481
2026-07-26 18:29:59,3167,0.1,0.1,7.1,    483
2026-07-26 18:30:02,3167,0.1,0.1,7.1,    486
2026-07-26 18:30:04,3167,0.1,0.1,7.1,    488
2026-07-26 18:30:06,3167,0.1,0.1,7.1,    490
2026-07-26 18:30:08,3167,0.1,0.1,7.1,    492
2026-07-26 18:30:10,3167,0.1,0.1,7.2,    494
2026-07-26 18:30:12,3167,0.1,0.1,7.1,    496
2026-07-26 18:30:14,3167,0.1,0.1,7.1,    498
2026-07-26 18:30:16,3167,0.1,0.1,7.1,    500
2026-07-26 18:30:18,3167,0.1,0.1,7.1,    502
2026-07-26 18:30:20,3167,0.1,0.1,7.1,    504
2026-07-26 18:30:22,3167,0.1,0.1,7.1,    506
2026-07-26 18:30:24,3167,0.1,0.1,7.1,    508
2026-07-26 18:30:26,3167,0.1,0.1,7.1,    510
2026-07-26 18:30:28,3167,0.1,0.1,7.1,    512
2026-07-26 18:30:30,3167,0.1,0.1,7.1,    514
2026-07-26 18:30:33,3167,0.1,0.1,7.1,    516
2026-07-26 18:30:35,3167,0.1,0.1,7.1,    519
2026-07-26 18:30:37,3167,0.1,0.1,7.1,    521
2026-07-26 18:30:39,3167,0.1,0.1,7.1,    523
2026-07-26 18:30:41,3167,0.1,0.1,7.2,    525
2026-07-26 18:30:43,3167,0.1,0.1,7.1,    527
2026-07-26 18:30:45,3167,0.1,0.1,7.1,    529
2026-07-26 18:30:47,3167,0.1,0.1,7.1,    531
2026-07-26 18:30:49,3167,0.1,0.1,7.1,    533
2026-07-26 18:30:51,3167,0.1,0.1,7.1,    535
2026-07-26 18:30:53,3167,0.1,0.1,7.1,    537
2026-07-26 18:30:55,3167,0.1,0.1,7.1,    539
2026-07-26 18:30:57,3167,0.1,0.1,7.1,    541
2026-07-26 18:30:59,3167,0.1,0.1,7.1,    543
2026-07-26 18:31:01,3167,0.1,0.1,7.1,    545
2026-07-26 18:31:04,3167,0.1,0.1,7.1,    547
2026-07-26 18:31:06,3167,0.1,0.1,7.1,    550
2026-07-26 18:31:08,3167,0.1,0.1,7.1,    552
2026-07-26 18:31:10,3167,0.1,0.1,7.1,    554
2026-07-26 18:31:12,3167,0.1,0.1,7.2,    556
2026-07-26 18:31:14,3167,0.1,0.1,7.1,    558
2026-07-26 18:31:16,3167,0.1,0.1,7.1,    560
2026-07-26 18:31:18,3167,0.1,0.1,7.1,    562
2026-07-26 18:31:20,3167,0.1,0.1,7.1,    564
2026-07-26 18:31:22,3167,0.1,0.1,7.1,    566
2026-07-26 18:31:24,3167,0.1,0.1,7.1,    568
2026-07-26 18:31:26,3167,0.1,0.1,7.1,    570
2026-07-26 18:31:28,3167,0.1,0.1,7.1,    572
2026-07-26 18:31:30,3167,0.1,0.1,7.1,    574
2026-07-26 18:31:32,3167,0.1,0.1,7.1,    576
2026-07-26 18:31:34,3167,0.1,0.1,7.1,    578
2026-07-26 18:31:37,3167,0.1,0.1,7.1,    580
2026-07-26 18:31:39,3167,0.1,0.1,7.1,    583
2026-07-26 18:31:41,3167,0.1,0.1,7.1,    585
2026-07-26 18:31:43,3167,0.1,0.1,7.2,    587
2026-07-26 18:31:45,3167,0.1,0.1,7.1,    589
2026-07-26 18:31:47,3167,0.1,0.1,7.1,    591
2026-07-26 18:31:49,3167,0.1,0.1,7.1,    593
2026-07-26 18:31:51,3167,0.1,0.1,7.1,    595
2026-07-26 18:31:53,3167,0.1,0.1,7.1,    597
2026-07-26 18:31:55,3167,0.1,0.1,7.1,    599
2026-07-26 18:31:57,3167,0.1,0.1,7.1,    601
2026-07-26 18:31:59,3167,0.1,0.1,7.1,    603
2026-07-26 18:32:01,3167,0.1,0.1,7.1,    605
2026-07-26 18:32:03,3167,0.1,0.1,7.1,    607
2026-07-26 18:32:05,3167,0.1,0.1,7.1,    609
2026-07-26 18:32:08,3167,0.1,0.1,7.1,    611
2026-07-26 18:32:10,3167,0.1,0.1,7.1,    614
2026-07-26 18:32:12,3167,0.1,0.1,7.1,    616
2026-07-26 18:32:14,3167,0.1,0.1,7.2,    618
2026-07-26 18:32:16,3167,0.1,0.1,7.2,    620
2026-07-26 18:32:18,3167,0.1,0.1,7.2,    622
2026-07-26 18:32:20,3167,0.1,0.1,7.2,    624
2026-07-26 18:32:22,3167,0.1,0.1,7.2,    626
2026-07-26 18:32:24,3167,0.1,0.1,7.2,    628
2026-07-26 18:32:26,3167,0.1,0.1,7.2,    630
2026-07-26 18:32:28,3167,0.1,0.1,7.2,    632
2026-07-26 18:32:30,3167,0.1,0.1,7.2,    634
2026-07-26 18:32:32,3167,0.1,0.1,7.2,    636
2026-07-26 18:32:34,3167,0.1,0.1,7.2,    638
2026-07-26 18:32:36,3167,0.1,0.1,7.2,    640
2026-07-26 18:32:38,3167,0.1,0.1,7.2,    642
2026-07-26 18:32:41,3167,0.1,0.1,7.2,    644
2026-07-26 18:32:43,3167,0.1,0.1,7.2,    647
2026-07-26 18:32:45,3167,0.1,0.1,7.2,    649
2026-07-26 18:32:47,3167,0.1,0.1,7.2,    651
2026-07-26 18:32:49,3167,0.1,0.1,7.2,    653
2026-07-26 18:32:51,3167,0.1,0.1,7.2,    655
2026-07-26 18:32:53,3167,0.1,0.1,7.2,    657
2026-07-26 18:32:55,3167,0.1,0.1,7.2,    659
2026-07-26 18:32:57,3167,0.1,0.1,7.2,    661
2026-07-26 18:32:59,3167,0.1,0.1,7.2,    663
2026-07-26 18:33:01,3167,0.1,0.1,7.2,    665
2026-07-26 18:33:03,3167,0.1,0.1,7.2,    667
2026-07-26 18:33:05,3167,0.1,0.1,7.2,    669
2026-07-26 18:33:07,3167,0.1,0.1,7.2,    671
2026-07-26 18:33:09,3167,0.1,0.1,7.2,    673
2026-07-26 18:33:11,3167,0.1,0.1,7.2,    675
2026-07-26 18:33:14,3167,0.1,0.1,7.2,    678
2026-07-26 18:33:16,3167,0.1,0.1,7.2,    680
2026-07-26 18:33:18,3167,0.1,0.1,7.2,    682
2026-07-26 18:33:20,3167,0.1,0.1,7.2,    684
2026-07-26 18:33:22,3167,0.1,0.1,7.2,    686
2026-07-26 18:33:24,3167,0.1,0.1,7.2,    688
2026-07-26 18:33:26,3167,0.1,0.1,7.2,    690
2026-07-26 18:33:28,3167,0.1,0.1,7.2,    692
2026-07-26 18:33:30,3167,0.1,0.1,7.2,    694
2026-07-26 18:33:32,3167,0.1,0.1,7.2,    696
2026-07-26 18:33:34,3167,0.1,0.1,7.2,    698
2026-07-26 18:33:36,3167,0.1,0.1,7.2,    700
2026-07-26 18:33:38,3167,0.1,0.1,7.2,    702
2026-07-26 18:33:40,3167,0.1,0.1,7.2,    704
2026-07-26 18:33:42,3167,0.1,0.1,7.2,    706
2026-07-26 18:33:44,3167,0.1,0.1,7.2,    708
2026-07-26 18:33:47,3167,0.1,0.1,7.2,    711
2026-07-26 18:33:49,3167,0.1,0.1,7.2,    713
2026-07-26 18:33:51,3167,0.1,0.1,7.2,    715
2026-07-26 18:33:53,3167,0.1,0.1,7.2,    717
2026-07-26 18:33:55,3167,0.1,0.1,7.2,    719
2026-07-26 18:33:57,3167,0.1,0.1,7.2,    721
2026-07-26 18:33:59,3167,0.1,0.1,7.2,    723
2026-07-26 18:34:01,3167,0.1,0.1,7.2,    725
2026-07-26 18:34:03,3167,0.1,0.1,7.2,    727
2026-07-26 18:34:05,3167,0.1,0.1,7.2,    729
2026-07-26 18:34:07,3167,0.1,0.1,7.2,    731
2026-07-26 18:34:09,3167,0.1,0.1,7.2,    733
2026-07-26 18:34:11,3167,0.1,0.1,7.2,    735
2026-07-26 18:34:13,3167,0.1,0.1,7.2,    737
2026-07-26 18:34:15,3167,0.1,0.1,7.2,    739
2026-07-26 18:34:18,3167,0.1,0.1,7.2,    742
2026-07-26 18:34:20,3167,0.1,0.1,7.2,    744
2026-07-26 18:34:22,3167,0.1,0.1,7.2,    746
2026-07-26 18:34:24,3167,0.1,0.1,7.2,    748
2026-07-26 18:34:26,3167,0.1,0.1,7.2,    750
2026-07-26 18:34:28,3167,0.1,0.1,7.2,    752
2026-07-26 18:34:30,3167,0.1,0.1,7.2,    754
2026-07-26 18:34:32,3167,0.1,0.1,7.2,    756
2026-07-26 18:34:34,3167,0.1,0.1,7.2,    758
2026-07-26 18:34:36,3167,0.1,0.1,7.2,    760
2026-07-26 18:34:38,3167,0.1,0.1,7.2,    762
2026-07-26 18:34:40,3167,0.1,0.1,7.2,    764
2026-07-26 18:34:42,3167,0.1,0.1,7.2,    766
2026-07-26 18:34:44,3167,0.1,0.1,7.2,    768
2026-07-26 18:34:46,3167,0.1,0.1,7.2,    770
2026-07-26 18:34:48,3167,0.1,0.1,7.2,    772
2026-07-26 18:34:51,3167,0.1,0.1,7.2,    775
2026-07-26 18:34:53,3167,0.1,0.1,7.2,    777
2026-07-26 18:34:55,3167,0.1,0.1,7.2,    779
2026-07-26 18:34:57,3167,0.1,0.1,7.2,    781
2026-07-26 18:34:59,3167,0.1,0.1,7.2,    783
2026-07-26 18:35:01,3167,0.1,0.1,7.2,    785
2026-07-26 18:35:03,3167,0.1,0.1,7.2,    787
2026-07-26 18:35:05,3167,0.1,0.1,7.2,    789
2026-07-26 18:35:07,3167,0.1,0.1,7.2,    791
2026-07-26 18:35:09,3167,0.1,0.1,7.2,    793
2026-07-26 18:35:11,3167,0.1,0.1,7.2,    795
2026-07-26 18:35:13,3167,0.1,0.1,7.2,    797
2026-07-26 18:35:15,3167,0.1,0.1,7.2,    799
2026-07-26 18:35:17,3167,0.1,0.1,7.2,    801
2026-07-26 18:35:19,3167,0.1,0.1,7.2,    803
2026-07-26 18:35:22,3167,0.1,0.1,7.2,    806
2026-07-26 18:35:24,3167,0.1,0.1,7.2,    808
2026-07-26 18:35:26,3167,0.1,0.1,7.2,    810
2026-07-26 18:35:28,3167,0.1,0.1,7.2,    812
2026-07-26 18:35:30,3167,0.1,0.1,7.2,    814
2026-07-26 18:35:32,3167,0.1,0.1,7.2,    816
2026-07-26 18:35:34,3167,0.1,0.1,7.2,    818
2026-07-26 18:35:36,3167,0.1,0.1,7.2,    820
2026-07-26 18:35:38,3167,0.1,0.1,7.2,    822
2026-07-26 18:35:40,3167,0.1,0.1,7.2,    824
2026-07-26 18:35:42,3167,0.1,0.1,7.2,    826
2026-07-26 18:35:44,3167,0.1,0.1,7.2,    828
2026-07-26 18:35:46,3167,0.1,0.1,7.2,    830
2026-07-26 18:35:48,3167,0.1,0.1,7.2,    832
2026-07-26 18:35:50,3167,0.1,0.1,7.2,    834
2026-07-26 18:35:52,3167,0.1,0.1,7.2,    836
2026-07-26 18:35:55,3167,0.1,0.1,7.2,    838
2026-07-26 18:35:57,3167,0.1,0.1,7.2,    841
2026-07-26 18:35:59,3167,0.1,0.1,7.2,    843
2026-07-26 18:36:01,3167,0.1,0.1,7.2,    845
2026-07-26 18:36:03,3167,0.1,0.1,7.2,    847
2026-07-26 18:36:05,3167,0.1,0.1,7.2,    849
2026-07-26 18:36:07,3167,0.1,0.1,7.2,    851
2026-07-26 18:36:09,3167,0.1,0.1,7.2,    853
2026-07-26 18:36:11,3167,0.1,0.1,7.2,    855
2026-07-26 18:36:13,3167,0.1,0.1,7.2,    857
2026-07-26 18:36:15,3167,0.1,0.1,7.2,    859
2026-07-26 18:36:17,3167,0.1,0.1,7.2,    861
2026-07-26 18:36:19,3167,0.1,0.1,7.2,    863
2026-07-26 18:36:21,3167,0.1,0.1,7.2,    865
2026-07-26 18:36:23,3167,0.1,0.1,7.2,    867
2026-07-26 18:36:25,3167,0.1,0.1,7.2,    869
2026-07-26 18:36:28,3167,0.1,0.1,7.2,    872
2026-07-26 18:36:30,3167,0.1,0.1,7.2,    874
2026-07-26 18:36:32,3167,0.1,0.1,7.2,    876
2026-07-26 18:36:34,3167,0.1,0.1,7.2,    878
2026-07-26 18:36:36,3167,0.1,0.1,7.2,    880
2026-07-26 18:36:38,3167,0.1,0.1,7.2,    882
2026-07-26 18:36:40,3167,0.1,0.1,7.2,    884
2026-07-26 18:36:42,3167,0.1,0.1,7.2,    886
2026-07-26 18:36:44,3167,0.1,0.1,7.2,    888
2026-07-26 18:36:46,3167,0.1,0.1,7.2,    890
2026-07-26 18:36:48,3167,0.1,0.1,7.2,    892
2026-07-26 18:36:50,3167,0.1,0.1,7.2,    894
2026-07-26 18:36:52,3167,0.1,0.1,7.2,    896
2026-07-26 18:36:54,3167,0.1,0.1,7.2,    898
2026-07-26 18:36:56,3167,0.1,0.1,7.2,    900
2026-07-26 18:36:58,3167,0.1,0.1,7.2,    902
2026-07-26 18:37:01,3167,0.1,0.1,7.2,    905
2026-07-26 18:37:03,3167,0.1,0.1,7.2,    907
2026-07-26 18:37:05,3167,0.1,0.1,7.2,    909
2026-07-26 18:37:07,3167,0.1,0.1,7.2,    911
2026-07-26 18:37:09,3167,0.1,0.1,7.2,    913
2026-07-26 18:37:11,3167,0.1,0.1,7.2,    915
2026-07-26 18:37:13,3167,0.1,0.1,7.2,    917
2026-07-26 18:37:15,3167,0.1,0.1,7.2,    919
2026-07-26 18:37:17,3167,0.1,0.1,7.2,    921
2026-07-26 18:37:19,3167,0.1,0.1,7.2,    923
2026-07-26 18:37:21,3167,0.1,0.1,7.2,    925
2026-07-26 18:37:23,3167,0.1,0.1,7.2,    927
2026-07-26 18:37:25,3167,0.1,0.1,7.2,    929
2026-07-26 18:37:27,3167,0.1,0.1,7.2,    931
2026-07-26 18:37:29,3167,0.1,0.1,7.2,    933
2026-07-26 18:37:31,3167,0.1,0.1,7.2,    935
2026-07-26 18:37:34,3167,0.1,0.1,7.2,    937
2026-07-26 18:37:36,3167,0.1,0.1,7.2,    940
2026-07-26 18:37:38,3167,0.1,0.1,7.2,    942
2026-07-26 18:37:40,3167,0.1,0.1,7.2,    944
2026-07-26 18:37:42,3167,0.1,0.1,7.2,    946
2026-07-26 18:37:44,3167,0.1,0.1,7.2,    948
2026-07-26 18:37:46,3167,0.1,0.1,7.2,    950
2026-07-26 18:37:48,3167,0.1,0.1,7.2,    952
2026-07-26 18:37:50,3167,0.1,0.1,7.2,    954
2026-07-26 18:37:52,3167,0.1,0.1,7.2,    956
2026-07-26 18:37:54,3167,0.1,0.1,7.2,    958
2026-07-26 18:37:56,3167,0.1,0.1,7.2,    960
2026-07-26 18:37:58,3167,0.1,0.1,7.2,    962
2026-07-26 18:38:00,3167,0.1,0.1,7.2,    964
2026-07-26 18:38:02,3167,0.1,0.1,7.2,    966
2026-07-26 18:38:05,3167,0.1,0.1,7.2,    968
2026-07-26 18:38:07,3167,0.1,0.1,7.2,    971
2026-07-26 18:38:09,3167,0.1,0.1,7.2,    973
2026-07-26 18:38:11,3167,0.1,0.1,7.2,    975
2026-07-26 18:38:13,3167,0.1,0.1,7.2,    977
2026-07-26 18:38:15,3167,0.1,0.1,7.2,    979
2026-07-26 18:38:17,3167,0.1,0.1,7.2,    981
2026-07-26 18:38:19,3167,0.1,0.1,7.2,    983
2026-07-26 18:38:21,3167,0.1,0.1,7.2,    985
2026-07-26 18:38:23,3167,0.1,0.1,7.2,    987
2026-07-26 18:38:25,3167,0.1,0.1,7.2,    989
2026-07-26 18:38:27,3167,0.1,0.1,7.2,    991
2026-07-26 18:38:29,3167,0.1,0.1,7.2,    993
2026-07-26 18:38:31,3167,0.1,0.1,7.2,    995
2026-07-26 18:38:33,3167,0.1,0.1,7.2,    997
2026-07-26 18:38:35,3167,0.1,0.1,7.2,    999
2026-07-26 18:38:38,3167,0.1,0.1,7.2,   1001
2026-07-26 18:38:40,3167,0.1,0.1,7.2,   1004
2026-07-26 18:38:42,3167,0.1,0.1,7.2,   1006
2026-07-26 18:38:44,3167,0.1,0.1,7.2,   1008
2026-07-26 18:38:46,3167,0.1,0.1,7.2,   1010
2026-07-26 18:38:48,3167,0.1,0.1,7.2,   1012
2026-07-26 18:38:50,3167,0.1,0.1,7.2,   1014
2026-07-26 18:38:52,3167,0.1,0.1,7.2,   1016
2026-07-26 18:38:54,3167,0.1,0.1,7.2,   1018
2026-07-26 18:38:56,3167,0.1,0.1,7.2,   1020
2026-07-26 18:38:58,3167,0.1,0.1,7.2,   1022
2026-07-26 18:39:00,3167,0.1,0.1,7.2,   1024
2026-07-26 18:39:02,3167,0.1,0.1,7.2,   1026
2026-07-26 18:39:04,3167,0.1,0.1,7.2,   1028
2026-07-26 18:39:06,3167,0.1,0.1,7.2,   1030
2026-07-26 18:39:08,3167,0.1,0.1,7.2,   1032
2026-07-26 18:39:10,3167,0.1,0.1,7.2,   1034
2026-07-26 18:39:13,3167,0.1,0.1,7.2,   1037
2026-07-26 18:39:15,3167,0.1,0.1,7.2,   1039
2026-07-26 18:39:17,3167,0.1,0.1,7.2,   1041
2026-07-26 18:39:19,3167,0.1,0.1,7.2,   1043
2026-07-26 18:39:21,3167,0.1,0.1,7.2,   1045
2026-07-26 18:39:23,3167,0.1,0.1,7.2,   1047
2026-07-26 18:39:25,3167,0.1,0.1,7.2,   1049
2026-07-26 18:39:27,3167,0.1,0.1,7.2,   1051
2026-07-26 18:39:29,3167,0.1,0.1,7.2,   1053
2026-07-26 18:39:31,3167,0.1,0.1,7.2,   1055
2026-07-26 18:39:33,3167,0.1,0.1,7.2,   1057
2026-07-26 18:39:35,3167,0.1,0.1,7.2,   1059
2026-07-26 18:39:37,3167,0.1,0.1,7.2,   1061
2026-07-26 18:39:39,3167,0.1,0.1,7.2,   1063
2026-07-26 18:39:41,3167,0.1,0.1,7.2,   1065
2026-07-26 18:39:44,3167,0.1,0.1,7.2,   1067
2026-07-26 18:39:46,3167,0.1,0.1,7.2,   1070
2026-07-26 18:39:48,3167,0.1,0.1,7.2,   1072
2026-07-26 18:39:50,3167,0.1,0.1,7.2,   1074
2026-07-26 18:39:52,3167,0.1,0.1,7.2,   1076
2026-07-26 18:39:54,3167,0.1,0.1,7.2,   1078
2026-07-26 18:39:56,3167,0.1,0.1,7.2,   1080
2026-07-26 18:39:56,28217,,,,
2026-07-26 18:39:58,3167,0.1,0.1,7.2,   1082
2026-07-26 18:40:00,3167,0.1,0.1,7.2,   1084
2026-07-26 18:40:02,3167,0.1,0.1,7.2,   1086
2026-07-26 18:40:04,3167,0.1,0.1,7.2,   1088
2026-07-26 18:40:06,3167,0.1,0.1,7.2,   1090
2026-07-26 18:40:08,3167,0.1,0.1,7.2,   1092
2026-07-26 18:40:10,3167,0.1,0.1,7.2,   1094
2026-07-26 18:40:13,3167,0.1,0.1,7.2,   1096
2026-07-26 18:40:15,3167,0.1,0.1,7.2,   1099
2026-07-26 18:40:17,3167,0.1,0.1,7.2,   1101
2026-07-26 18:40:19,3167,0.1,0.1,7.2,   1103
2026-07-26 18:40:21,3167,0.1,0.1,7.2,   1105
2026-07-26 18:40:23,3167,0.1,0.1,7.2,   1107
2026-07-26 18:40:25,3167,0.1,0.1,7.2,   1109
2026-07-26 18:40:27,3167,0.1,0.1,7.2,   1111
2026-07-26 18:40:29,3167,0.1,0.1,7.2,   1113
2026-07-26 18:40:31,3167,0.1,0.1,7.2,   1115
2026-07-26 18:40:33,3167,0.1,0.1,7.2,   1117
2026-07-26 18:40:35,3167,0.1,0.1,7.2,   1119
2026-07-26 18:40:37,3167,0.1,0.1,7.2,   1121
2026-07-26 18:40:39,3167,0.1,0.1,7.2,   1123
2026-07-26 18:40:41,3167,0.1,0.1,7.2,   1125
2026-07-26 18:40:44,3167,0.1,0.1,7.2,   1127
2026-07-26 18:40:46,3167,0.1,0.1,7.2,   1130
2026-07-26 18:40:48,3167,0.1,0.1,7.2,   1132
2026-07-26 18:40:50,3167,0.1,0.1,7.2,   1134
2026-07-26 18:40:52,3167,0.1,0.1,7.2,   1136
2026-07-26 18:40:54,3167,0.1,0.1,7.2,   1138
2026-07-26 18:40:56,3167,0.1,0.1,7.2,   1140
2026-07-26 18:40:58,3167,0.1,0.1,7.2,   1142
2026-07-26 18:41:00,3167,0.1,0.1,7.2,   1144
2026-07-26 18:41:02,3167,0.1,0.1,7.2,   1146
2026-07-26 18:41:04,3167,0.1,0.1,7.2,   1148
2026-07-26 18:41:06,3167,0.1,0.1,7.2,   1150
2026-07-26 18:41:08,3167,0.1,0.1,7.2,   1152
2026-07-26 18:41:10,3167,0.1,0.1,7.2,   1154
2026-07-26 18:41:12,3167,0.1,0.1,7.2,   1156
2026-07-26 18:41:14,3167,0.1,0.1,7.2,   1158
2026-07-26 18:41:17,3167,0.1,0.1,7.2,   1160
2026-07-26 18:41:19,3167,0.1,0.1,7.2,   1163
2026-07-26 18:41:21,3167,0.1,0.1,7.2,   1165
2026-07-26 18:41:23,3167,0.1,0.1,7.2,   1167
2026-07-26 18:41:25,3167,0.1,0.1,7.2,   1169
2026-07-26 18:41:27,3167,0.1,0.1,7.2,   1171
2026-07-26 18:41:29,3167,0.1,0.1,7.2,   1173
2026-07-26 18:41:31,3167,0.1,0.1,7.2,   1175
2026-07-26 18:41:33,3167,0.1,0.1,7.2,   1177
2026-07-26 18:41:35,3167,0.1,0.1,7.2,   1179
2026-07-26 18:41:37,3167,0.1,0.1,7.2,   1181
2026-07-26 18:41:39,3167,0.1,0.1,7.2,   1183
2026-07-26 18:41:41,3167,0.1,0.1,7.2,   1185
2026-07-26 18:41:43,3167,0.1,0.1,7.2,   1187
2026-07-26 18:41:45,3167,0.1,0.1,7.2,   1189
2026-07-26 18:41:47,3167,0.1,0.1,7.2,   1191
2026-07-26 18:41:50,3167,0.1,0.1,7.2,   1194
2026-07-26 18:41:52,3167,0.1,0.1,7.2,   1196
2026-07-26 18:41:54,3167,0.1,0.1,7.2,   1198
2026-07-26 18:41:56,3167,0.1,0.1,7.2,   1200
2026-07-26 18:41:58,3167,0.1,0.1,7.2,   1202
2026-07-26 18:42:00,3167,0.1,0.1,7.2,   1204
2026-07-26 18:42:02,3167,0.1,0.1,7.2,   1206
2026-07-26 18:42:04,3167,0.1,0.1,7.2,   1208
2026-07-26 18:42:06,3167,0.1,0.1,7.2,   1210
2026-07-26 18:42:08,3167,0.1,0.1,7.2,   1212
2026-07-26 18:42:10,3167,0.1,0.1,7.2,   1214
2026-07-26 18:42:12,3167,0.1,0.1,7.2,   1216
2026-07-26 18:42:14,3167,0.1,0.1,7.2,   1218
2026-07-26 18:42:16,3167,0.1,0.1,7.2,   1220
2026-07-26 18:42:18,3167,0.1,0.1,7.2,   1222
2026-07-26 18:42:21,3167,0.1,0.1,7.2,   1224
2026-07-26 18:42:23,3167,0.1,0.1,7.2,   1227
2026-07-26 18:42:25,3167,0.1,0.1,7.2,   1229
2026-07-26 18:42:27,3167,0.1,0.1,7.2,   1231
2026-07-26 18:42:29,3167,0.1,0.1,7.2,   1233
2026-07-26 18:42:31,3167,0.1,0.1,7.2,   1235
2026-07-26 18:42:33,3167,0.1,0.1,7.2,   1237
2026-07-26 18:42:35,3167,0.1,0.1,7.2,   1239
2026-07-26 18:42:37,3167,0.1,0.1,7.2,   1241
2026-07-26 18:42:39,3167,0.1,0.1,7.2,   1243
2026-07-26 18:42:41,3167,0.1,0.1,7.2,   1245
2026-07-26 18:42:43,3167,0.1,0.1,7.2,   1247
2026-07-26 18:42:45,3167,0.1,0.1,7.2,   1249
2026-07-26 18:42:47,3167,0.1,0.1,7.2,   1251
2026-07-26 18:42:49,3167,0.1,0.1,7.2,   1253
2026-07-26 18:42:51,3167,0.1,0.1,7.2,   1255
2026-07-26 18:42:54,3167,0.1,0.1,7.2,   1258
2026-07-26 18:42:56,3167,0.1,0.1,7.2,   1260
2026-07-26 18:42:58,3167,0.1,0.1,7.2,   1262
2026-07-26 18:43:00,3167,0.1,0.1,7.2,   1264
2026-07-26 18:43:02,3167,0.1,0.1,7.2,   1266
2026-07-26 18:43:04,3167,0.1,0.1,7.2,   1268
2026-07-26 18:43:06,3167,0.1,0.1,7.2,   1270
2026-07-26 18:43:08,3167,0.1,0.1,7.2,   1272
2026-07-26 18:43:10,3167,0.1,0.1,7.2,   1274
2026-07-26 18:43:12,3167,0.1,0.1,7.2,   1276
2026-07-26 18:43:14,3167,0.1,0.1,7.2,   1278
2026-07-26 18:43:16,3167,0.1,0.1,7.2,   1280
2026-07-26 18:43:18,3167,0.1,0.1,7.2,   1282
2026-07-26 18:43:20,3167,0.1,0.1,7.2,   1284
2026-07-26 18:43:22,3167,0.1,0.1,7.2,   1286
2026-07-26 18:43:25,3167,0.1,0.1,7.2,   1288
2026-07-26 18:43:27,3167,0.1,0.1,7.2,   1291
2026-07-26 18:43:29,3167,0.1,0.1,7.2,   1293
2026-07-26 18:43:31,3167,0.1,0.1,7.2,   1295
2026-07-26 18:43:33,3167,0.1,0.1,7.2,   1297
2026-07-26 18:43:35,3167,0.1,0.1,7.2,   1299
2026-07-26 18:43:37,3167,0.1,0.1,7.2,   1301
2026-07-26 18:43:39,3167,0.1,0.1,7.2,   1303
2026-07-26 18:43:41,3167,0.1,0.1,7.2,   1305
2026-07-26 18:43:43,3167,0.1,0.1,7.2,   1307
2026-07-26 18:43:45,3167,0.1,0.1,7.2,   1309
2026-07-26 18:43:47,3167,0.1,0.1,7.2,   1311
2026-07-26 18:43:49,3167,0.1,0.1,7.2,   1313
2026-07-26 18:43:51,3167,0.1,0.1,7.2,   1315
2026-07-26 18:43:53,3167,0.1,0.1,7.2,   1317
2026-07-26 18:43:56,3167,0.1,0.1,7.2,   1319
2026-07-26 18:43:58,3167,0.1,0.1,7.2,   1322
2026-07-26 18:44:00,3167,0.1,0.1,7.2,   1324
2026-07-26 18:44:02,3167,0.1,0.1,7.2,   1326
2026-07-26 18:44:04,3167,0.1,0.1,7.2,   1328
2026-07-26 18:44:06,3167,0.1,0.1,7.2,   1330
2026-07-26 18:44:08,3167,0.1,0.1,7.2,   1332
2026-07-26 18:44:10,3167,0.1,0.1,7.2,   1334
2026-07-26 18:44:12,3167,0.1,0.1,7.2,   1336
2026-07-26 18:44:14,3167,0.1,0.1,7.2,   1338
2026-07-26 18:44:16,3167,0.1,0.1,7.2,   1340
2026-07-26 18:44:18,3167,0.1,0.1,7.2,   1342
2026-07-26 18:44:20,3167,0.1,0.1,7.2,   1344
2026-07-26 18:44:22,3167,0.1,0.1,7.2,   1346
2026-07-26 18:44:24,3167,0.1,0.1,7.2,   1348
2026-07-26 18:44:26,3167,0.1,0.1,7.2,   1350
2026-07-26 18:44:28,3167,0.1,0.1,7.2,   1352
2026-07-26 18:44:31,3167,0.1,0.1,7.2,   1355
2026-07-26 18:44:33,3167,0.1,0.1,7.2,   1357
2026-07-26 18:44:35,3167,0.1,0.1,7.2,   1359
2026-07-26 18:44:37,3167,0.1,0.1,7.2,   1361
2026-07-26 18:44:39,3167,0.1,0.1,7.2,   1363
2026-07-26 18:44:41,3167,0.1,0.1,7.2,   1365
2026-07-26 18:44:43,3167,0.1,0.1,7.2,   1367
2026-07-26 18:44:45,3167,0.1,0.1,7.2,   1369
2026-07-26 18:44:47,3167,0.1,0.1,7.2,   1371
2026-07-26 18:44:49,3167,0.1,0.1,7.2,   1373
2026-07-26 18:44:51,3167,0.1,0.1,7.2,   1375
2026-07-26 18:44:53,3167,0.1,0.1,7.2,   1377
2026-07-26 18:44:55,3167,0.1,0.1,7.2,   1379
2026-07-26 18:44:57,3167,0.1,0.1,7.2,   1381
2026-07-26 18:44:59,3167,0.1,0.1,7.2,   1383
2026-07-26 18:45:02,3167,0.1,0.1,7.2,   1385
2026-07-26 18:45:04,3167,0.1,0.1,7.2,   1388
2026-07-26 18:45:06,3167,0.1,0.1,7.2,   1390
2026-07-26 18:45:08,3167,0.1,0.1,7.2,   1392
2026-07-26 18:45:10,3167,0.1,0.1,7.2,   1394
2026-07-26 18:45:12,3167,0.1,0.1,7.2,   1396
2026-07-26 18:45:14,3167,0.1,0.1,7.2,   1398
2026-07-26 18:45:16,3167,0.1,0.1,7.2,   1400
2026-07-26 18:45:18,3167,0.1,0.1,7.2,   1402
2026-07-26 18:45:20,3167,0.1,0.1,7.2,   1404
2026-07-26 18:45:22,3167,0.1,0.1,7.2,   1406
2026-07-26 18:45:24,3167,0.1,0.1,7.2,   1408
2026-07-26 18:45:26,3167,0.1,0.1,7.2,   1410
2026-07-26 18:45:28,3167,0.1,0.1,7.2,   1412
2026-07-26 18:45:30,3167,0.1,0.1,7.2,   1414
2026-07-26 18:45:32,3167,0.1,0.1,7.2,   1416
2026-07-26 18:45:35,3167,0.1,0.1,7.2,   1419
2026-07-26 18:45:37,3167,0.1,0.1,7.2,   1421
2026-07-26 18:45:39,3167,0.1,0.1,7.2,   1423
2026-07-26 18:45:41,3167,0.1,0.1,7.2,   1425
2026-07-26 18:45:43,3167,0.1,0.1,7.2,   1427
2026-07-26 18:45:45,3167,0.1,0.1,7.2,   1429
2026-07-26 18:45:47,3167,0.1,0.1,7.2,   1431
2026-07-26 18:45:49,3167,0.1,0.1,7.2,   1433
2026-07-26 18:45:51,3167,0.1,0.1,7.2,   1435
2026-07-26 18:45:53,3167,0.1,0.1,7.2,   1437
2026-07-26 18:45:55,3167,0.1,0.1,7.2,   1439
2026-07-26 18:45:57,3167,0.1,0.1,7.2,   1441
2026-07-26 18:45:59,3167,0.1,0.1,7.2,   1443
2026-07-26 18:46:01,3167,0.1,0.1,7.2,   1445
2026-07-26 18:46:03,3167,0.1,0.1,7.2,   1447
2026-07-26 18:46:06,3167,0.1,0.1,7.2,   1449
2026-07-26 18:46:08,3167,0.1,0.1,7.2,   1452
2026-07-26 18:46:10,3167,0.1,0.1,7.2,   1454
2026-07-26 18:46:12,3167,0.1,0.1,7.2,   1456
2026-07-26 18:46:14,3167,0.1,0.1,7.2,   1458
2026-07-26 18:46:16,3167,0.1,0.1,7.2,   1460
2026-07-26 18:46:18,3167,0.1,0.1,7.2,   1462
2026-07-26 18:46:20,3167,0.1,0.1,7.2,   1464
2026-07-26 18:46:22,3167,0.1,0.1,7.2,   1466
2026-07-26 18:46:24,3167,0.1,0.1,7.2,   1468
2026-07-26 18:46:26,3167,0.1,0.1,7.2,   1470
2026-07-26 18:46:28,3167,0.1,0.1,7.2,   1472
2026-07-26 18:46:30,3167,0.1,0.1,7.2,   1474
2026-07-26 18:46:32,3167,0.1,0.1,7.2,   1476
2026-07-26 18:46:34,3167,0.1,0.1,7.2,   1478
2026-07-26 18:46:36,3167,0.1,0.1,7.2,   1480
2026-07-26 18:46:39,3167,0.1,0.1,7.2,   1483
2026-07-26 18:46:41,3167,0.1,0.1,7.2,   1485
2026-07-26 18:46:43,3167,0.1,0.1,7.2,   1487
2026-07-26 18:46:45,3167,0.1,0.1,7.2,   1489
2026-07-26 18:46:47,3167,0.1,0.1,7.2,   1491
2026-07-26 18:46:49,3167,0.1,0.1,7.2,   1493
2026-07-26 18:46:51,3167,0.1,0.1,7.2,   1495
2026-07-26 18:46:53,3167,0.1,0.1,7.2,   1497
2026-07-26 18:46:55,3167,0.1,0.1,7.2,   1499
2026-07-26 18:46:57,3167,0.1,0.1,7.2,   1501
2026-07-26 18:46:59,3167,0.1,0.1,7.2,   1503
2026-07-26 18:47:01,3167,0.1,0.1,7.2,   1505
2026-07-26 18:47:03,3167,0.1,0.1,7.2,   1507
2026-07-26 18:47:05,3167,0.1,0.1,7.2,   1509
2026-07-26 18:47:07,3167,0.1,0.1,7.2,   1511
2026-07-26 18:47:10,3167,0.1,0.1,7.2,   1514
2026-07-26 18:47:12,3167,0.1,0.1,7.2,   1516
2026-07-26 18:47:14,3167,0.1,0.1,7.2,   1518
2026-07-26 18:47:16,3167,0.1,0.1,7.2,   1520
2026-07-26 18:47:18,3167,0.1,0.1,7.2,   1522
2026-07-26 18:47:20,3167,0.1,0.1,7.2,   1524
2026-07-26 18:47:22,3167,0.1,0.1,7.2,   1526
2026-07-26 18:47:24,3167,0.1,0.1,7.2,   1528
2026-07-26 18:47:26,3167,0.1,0.1,7.2,   1530
2026-07-26 18:47:28,3167,0.1,0.1,7.2,   1532
2026-07-26 18:47:30,3167,0.1,0.1,7.2,   1534
2026-07-26 18:47:32,3167,0.1,0.1,7.2,   1536
2026-07-26 18:47:34,3167,0.1,0.1,7.2,   1538
2026-07-26 18:47:36,3167,0.1,0.1,7.2,   1540
2026-07-26 18:47:38,3167,0.1,0.1,7.2,   1542
2026-07-26 18:47:41,3167,0.1,0.1,7.2,   1545
2026-07-26 18:47:43,3167,0.1,0.1,7.2,   1547
2026-07-26 18:47:45,3167,0.1,0.1,7.2,   1549
2026-07-26 18:47:47,3167,0.1,0.1,7.2,   1551
2026-07-26 18:47:49,3167,0.1,0.1,7.2,   1553
2026-07-26 18:47:51,3167,0.1,0.1,7.2,   1555
2026-07-26 18:47:53,3167,0.1,0.1,7.2,   1557
2026-07-26 18:47:55,3167,0.1,0.1,7.2,   1559
2026-07-26 18:47:57,3167,0.1,0.1,7.2,   1561
2026-07-26 18:47:59,3167,0.1,0.1,7.2,   1563
2026-07-26 18:48:01,3167,0.1,0.1,7.2,   1565
2026-07-26 18:48:03,3167,0.1,0.1,7.2,   1567
2026-07-26 18:48:05,3167,0.1,0.1,7.2,   1569
2026-07-26 18:48:07,3167,0.1,0.1,7.2,   1571
2026-07-26 18:48:09,3167,0.1,0.1,7.2,   1573
2026-07-26 18:48:12,3167,0.1,0.1,7.2,   1575
2026-07-26 18:48:14,3167,0.1,0.1,7.2,   1578
2026-07-26 18:48:16,3167,0.1,0.1,7.2,   1580
2026-07-26 18:48:18,3167,0.1,0.1,7.2,   1582
2026-07-26 18:48:20,3167,0.1,0.1,7.2,   1584
2026-07-26 18:48:22,3167,0.1,0.1,7.2,   1586
2026-07-26 18:48:24,3167,0.1,0.1,7.2,   1588
2026-07-26 18:48:26,3167,0.1,0.1,7.2,   1590
2026-07-26 18:48:28,3167,0.1,0.1,7.2,   1592
2026-07-26 18:48:30,3167,0.1,0.1,7.2,   1594
2026-07-26 18:48:32,3167,0.1,0.1,7.2,   1596
2026-07-26 18:48:34,3167,0.1,0.1,7.2,   1598
2026-07-26 18:48:36,3167,0.1,0.1,7.2,   1600
2026-07-26 18:48:38,3167,0.1,0.1,7.2,   1602
2026-07-26 18:48:40,3167,0.1,0.1,7.2,   1604
2026-07-26 18:48:42,3167,0.1,0.1,7.2,   1606
2026-07-26 18:48:45,3167,0.1,0.1,7.2,   1608
2026-07-26 18:48:47,3167,0.1,0.1,7.2,   1611
2026-07-26 18:48:49,3167,0.1,0.1,7.2,   1613
2026-07-26 18:48:51,3167,0.1,0.1,7.2,   1615
2026-07-26 18:48:53,3167,0.1,0.1,7.2,   1617
2026-07-26 18:48:55,3167,0.1,0.1,7.2,   1619
2026-07-26 18:48:57,3167,0.1,0.1,7.2,   1621
2026-07-26 18:48:59,3167,0.1,0.1,7.2,   1623
2026-07-26 18:49:01,3167,0.1,0.1,7.2,   1625
2026-07-26 18:49:03,3167,0.1,0.1,7.2,   1627
2026-07-26 18:49:05,3167,0.1,0.1,7.2,   1629
2026-07-26 18:49:07,3167,0.1,0.1,7.2,   1631
2026-07-26 18:49:09,3167,0.1,0.1,7.2,   1633
2026-07-26 18:49:11,3167,0.1,0.1,7.2,   1635
2026-07-26 18:49:13,3167,0.1,0.1,7.2,   1637
2026-07-26 18:49:15,3167,0.1,0.1,7.2,   1639
2026-07-26 18:49:17,3167,0.1,0.1,7.2,   1641
2026-07-26 18:49:20,3167,0.1,0.1,7.2,   1644
2026-07-26 18:49:22,3167,0.1,0.1,7.2,   1646
2026-07-26 18:49:24,3167,0.1,0.1,7.2,   1648
2026-07-26 18:49:26,3167,0.1,0.1,7.2,   1650
2026-07-26 18:49:28,3167,0.1,0.1,7.2,   1652
2026-07-26 18:49:30,3167,0.1,0.1,7.2,   1654
2026-07-26 18:49:32,3167,0.1,0.1,7.2,   1656
2026-07-26 18:49:34,3167,0.1,0.1,7.2,   1658
2026-07-26 18:49:36,3167,0.1,0.1,7.2,   1660
2026-07-26 18:49:38,3167,0.1,0.1,7.2,   1662
2026-07-26 18:49:40,3167,0.1,0.1,7.2,   1664
2026-07-26 18:49:42,3167,0.1,0.1,7.2,   1666
2026-07-26 18:49:44,3167,0.1,0.1,7.2,   1668
2026-07-26 18:49:46,3167,0.1,0.1,7.2,   1670
2026-07-26 18:49:48,3167,0.1,0.1,7.2,   1672
2026-07-26 18:49:50,3167,0.1,0.1,7.2,   1674
2026-07-26 18:49:53,3167,0.1,0.1,7.2,   1677
2026-07-26 18:49:55,3167,0.1,0.1,7.2,   1679
2026-07-26 18:49:57,3167,0.1,0.1,7.2,   1681
2026-07-26 18:49:59,3167,0.1,0.1,7.2,   1683
2026-07-26 18:50:01,3167,0.1,0.1,7.2,   1685
2026-07-26 18:50:03,3167,0.1,0.1,7.2,   1687
2026-07-26 18:50:05,3167,0.1,0.1,7.2,   1689
2026-07-26 18:50:07,3167,0.1,0.1,7.2,   1691
2026-07-26 18:50:09,3167,0.1,0.1,7.2,   1693
2026-07-26 18:50:11,3167,0.1,0.1,7.2,   1695
2026-07-26 18:50:13,3167,0.1,0.1,7.2,   1697
2026-07-26 18:50:15,3167,0.1,0.1,7.2,   1699
2026-07-26 18:50:17,3167,0.1,0.1,7.2,   1701
2026-07-26 18:50:19,3167,0.1,0.1,7.2,   1703
2026-07-26 18:50:21,3167,0.1,0.1,7.2,   1705
2026-07-26 18:50:24,3167,0.1,0.1,7.2,   1707
2026-07-26 18:50:26,3167,0.1,0.1,7.2,   1710
2026-07-26 18:50:28,3167,0.1,0.1,7.2,   1712
2026-07-26 18:50:30,3167,0.1,0.1,7.2,   1714
2026-07-26 18:50:32,3167,0.1,0.1,7.2,   1716
2026-07-26 18:50:34,3167,0.1,0.1,7.2,   1718
2026-07-26 18:50:36,3167,0.1,0.1,7.2,   1720
2026-07-26 18:50:38,3167,0.1,0.1,7.2,   1722
2026-07-26 18:50:40,3167,0.1,0.1,7.2,   1724
2026-07-26 18:50:42,3167,0.1,0.1,7.2,   1726
2026-07-26 18:50:44,3167,0.1,0.1,7.2,   1728
2026-07-26 18:50:46,3167,0.1,0.1,7.2,   1730
2026-07-26 18:50:48,3167,0.1,0.1,7.2,   1732
2026-07-26 18:50:50,3167,0.1,0.1,7.2,   1734
2026-07-26 18:50:52,3167,0.1,0.1,7.2,   1736
2026-07-26 18:50:54,3167,0.1,0.1,7.2,   1738
2026-07-26 18:50:57,3167,0.1,0.1,7.2,   1740
2026-07-26 18:50:59,3167,0.1,0.1,7.2,   1743
2026-07-26 18:51:01,3167,0.1,0.1,7.2,   1745
2026-07-26 18:51:03,3167,0.1,0.1,7.2,   1747
2026-07-26 18:51:05,3167,0.1,0.1,7.2,   1749
2026-07-26 18:51:07,3167,0.1,0.1,7.2,   1751
2026-07-26 18:51:09,3167,0.1,0.1,7.2,   1753
2026-07-26 18:51:11,3167,0.1,0.1,7.2,   1755
2026-07-26 18:51:13,3167,0.1,0.1,7.2,   1757
2026-07-26 18:51:15,3167,0.1,0.1,7.2,   1759
2026-07-26 18:51:17,3167,0.1,0.1,7.2,   1761
2026-07-26 18:51:19,3167,0.1,0.1,7.2,   1763
2026-07-26 18:51:21,3167,0.1,0.1,7.2,   1765
2026-07-26 18:51:23,3167,0.1,0.1,7.2,   1767
2026-07-26 18:51:25,3167,0.1,0.1,7.2,   1769
2026-07-26 18:51:27,3167,0.1,0.1,7.2,   1771
2026-07-26 18:51:30,3167,0.1,0.1,7.2,   1773
2026-07-26 18:51:32,3167,0.1,0.1,7.2,   1776
2026-07-26 18:51:34,3167,0.1,0.1,7.2,   1778
2026-07-26 18:51:36,3167,0.1,0.1,7.2,   1780
2026-07-26 18:51:38,3167,0.1,0.1,7.2,   1782
2026-07-26 18:51:40,3167,0.1,0.1,7.2,   1784
2026-07-26 18:51:42,3167,0.1,0.1,7.2,   1786
2026-07-26 18:51:44,3167,0.1,0.1,7.2,   1788
2026-07-26 18:51:46,3167,0.1,0.1,7.2,   1790
2026-07-26 18:51:48,3167,0.1,0.1,7.2,   1792
2026-07-26 18:51:50,3167,0.1,0.1,7.2,   1794
2026-07-26 18:51:52,3167,0.1,0.1,7.2,   1796
2026-07-26 18:51:54,3167,0.1,0.1,7.2,   1798
2026-07-26 18:51:56,3167,0.1,0.1,7.2,   1800
2026-07-26 18:51:58,3167,0.1,0.1,7.2,   1802
2026-07-26 18:52:00,3167,0.1,0.1,7.2,   1804
2026-07-26 18:52:03,3167,0.1,0.1,7.2,   1806
2026-07-26 18:52:05,3167,0.1,0.1,7.2,   1809
2026-07-26 18:52:07,3167,0.1,0.1,7.2,   1811
2026-07-26 18:52:09,3167,0.1,0.1,7.2,   1813
2026-07-26 18:52:11,3167,0.1,0.1,7.2,   1815
2026-07-26 18:52:13,3167,0.1,0.1,7.2,   1817
2026-07-26 18:52:15,3167,0.1,0.1,7.2,   1819
2026-07-26 18:52:17,3167,0.1,0.1,7.2,   1821
2026-07-26 18:52:19,3167,0.1,0.1,7.2,   1823
2026-07-26 18:52:21,3167,0.1,0.1,7.2,   1825
2026-07-26 18:52:23,3167,0.1,0.1,7.2,   1827
2026-07-26 18:52:25,3167,0.1,0.1,7.2,   1829
2026-07-26 18:52:27,3167,0.1,0.1,7.2,   1831
2026-07-26 18:52:29,3167,0.1,0.1,7.2,   1833
2026-07-26 18:52:31,3167,0.1,0.1,7.2,   1835
2026-07-26 18:52:33,3167,0.1,0.1,7.2,   1837
2026-07-26 18:52:36,3167,0.1,0.1,7.2,   1840
2026-07-26 18:52:38,3167,0.1,0.1,7.2,   1842
2026-07-26 18:52:40,3167,0.1,0.1,7.2,   1844
2026-07-26 18:52:42,3167,0.1,0.1,7.2,   1846
2026-07-26 18:52:44,3167,0.1,0.1,7.2,   1848
2026-07-26 18:52:46,3167,0.1,0.1,7.2,   1850
2026-07-26 18:52:48,3167,0.1,0.1,7.2,   1852
2026-07-26 18:52:50,3167,0.1,0.1,7.2,   1854
2026-07-26 18:52:52,3167,0.1,0.1,7.2,   1856
2026-07-26 18:52:54,3167,0.1,0.1,7.2,   1858
2026-07-26 18:52:56,3167,0.1,0.1,7.2,   1860
2026-07-26 18:52:58,3167,0.1,0.1,7.2,   1862
2026-07-26 18:53:00,3167,0.1,0.1,7.2,   1864
2026-07-26 18:53:02,3167,0.1,0.1,7.2,   1866
2026-07-26 18:53:04,3167,0.1,0.1,7.2,   1868
2026-07-26 18:53:06,3167,0.1,0.1,7.2,   1870
2026-07-26 18:53:09,3167,0.1,0.1,7.2,   1873
2026-07-26 18:53:11,3167,0.1,0.1,7.2,   1875
2026-07-26 18:53:13,3167,0.1,0.1,7.2,   1877
2026-07-26 18:53:15,3167,0.1,0.1,7.2,   1879
2026-07-26 18:53:17,3167,0.1,0.1,7.2,   1881
2026-07-26 18:53:19,3167,0.1,0.1,7.2,   1883
2026-07-26 18:53:21,3167,0.1,0.1,7.2,   1885
2026-07-26 18:53:23,3167,0.1,0.1,7.2,   1887
2026-07-26 18:53:25,3167,0.1,0.1,7.2,   1889
2026-07-26 18:53:27,3167,0.1,0.1,7.2,   1891
2026-07-26 18:53:29,3167,0.1,0.1,7.2,   1893
2026-07-26 18:53:31,3167,0.1,0.1,7.2,   1895
2026-07-26 18:53:33,3167,0.1,0.1,7.2,   1897
2026-07-26 18:53:35,3167,0.1,0.1,7.2,   1899
2026-07-26 18:53:37,3167,0.1,0.1,7.2,   1901
2026-07-26 18:53:39,3167,0.1,0.1,7.2,   1903
2026-07-26 18:53:41,3167,0.1,0.1,7.2,   1905
2026-07-26 18:53:44,3167,0.1,0.1,7.2,   1908
2026-07-26 18:53:46,3167,0.1,0.1,7.2,   1910
2026-07-26 18:53:48,3167,0.1,0.1,7.2,   1912
2026-07-26 18:53:50,3167,0.1,0.1,7.2,   1914
2026-07-26 18:53:52,3167,0.1,0.1,7.2,   1916
2026-07-26 18:53:54,3167,0.1,0.1,7.2,   1918
2026-07-26 18:53:56,3167,0.1,0.1,7.2,   1920
2026-07-26 18:53:58,3167,0.1,0.1,7.2,   1922
2026-07-26 18:54:00,3167,0.1,0.1,7.2,   1924
2026-07-26 18:54:02,3167,0.1,0.1,7.2,   1926
2026-07-26 18:54:04,3167,0.1,0.1,7.2,   1928
2026-07-26 18:54:06,3167,0.1,0.1,7.2,   1930
2026-07-26 18:54:08,3167,0.1,0.1,7.2,   1932
2026-07-26 18:54:10,3167,0.1,0.1,7.2,   1934
2026-07-26 18:54:12,3167,0.1,0.1,7.2,   1936
2026-07-26 18:54:15,3167,0.1,0.1,7.2,   1938
2026-07-26 18:54:17,3167,0.1,0.1,7.2,   1941
2026-07-26 18:54:19,3167,0.1,0.1,7.2,   1943
2026-07-26 18:54:21,3167,0.1,0.1,7.2,   1945
2026-07-26 18:54:23,3167,0.1,0.1,7.2,   1947
2026-07-26 18:54:25,3167,0.1,0.1,7.2,   1949
2026-07-26 18:54:27,3167,0.1,0.1,7.2,   1951
2026-07-26 18:54:29,3167,0.1,0.1,7.2,   1953
2026-07-26 18:54:31,3167,0.1,0.1,7.2,   1955
2026-07-26 18:54:33,3167,0.1,0.1,7.2,   1957
2026-07-26 18:54:35,3167,0.1,0.1,7.2,   1959
2026-07-26 18:54:37,3167,0.1,0.1,7.2,   1961
2026-07-26 18:54:39,3167,0.1,0.1,7.2,   1963
2026-07-26 18:54:41,3167,0.1,0.1,7.2,   1965
2026-07-26 18:54:43,3167,0.1,0.1,7.2,   1967
2026-07-26 18:54:46,3167,0.1,0.1,7.2,   1969
2026-07-26 18:54:48,3167,0.1,0.1,7.2,   1972
2026-07-26 18:54:50,3167,0.1,0.1,7.2,   1974
2026-07-26 18:54:52,3167,0.1,0.1,7.2,   1976
2026-07-26 18:54:54,3167,0.1,0.1,7.2,   1978
2026-07-26 18:54:56,3167,0.1,0.1,7.2,   1980
2026-07-26 18:54:58,3167,0.1,0.1,7.2,   1982
2026-07-26 18:55:00,3167,0.1,0.1,7.2,   1984
2026-07-26 18:55:02,3167,0.1,0.1,7.2,   1986
2026-07-26 18:55:04,3167,0.1,0.1,7.2,   1988
2026-07-26 18:55:06,3167,0.1,0.1,7.2,   1990
2026-07-26 18:55:08,3167,0.1,0.1,7.2,   1992
2026-07-26 18:55:10,3167,0.1,0.1,7.2,   1994
2026-07-26 18:55:12,3167,0.1,0.1,7.2,   1996
2026-07-26 18:55:14,3167,0.1,0.1,7.2,   1998
2026-07-26 18:55:17,3167,0.1,0.1,7.2,   2000
2026-07-26 18:55:19,3167,0.1,0.1,7.2,   2003
2026-07-26 18:55:21,3167,0.1,0.1,7.2,   2005
2026-07-26 18:55:23,3167,0.1,0.1,7.2,   2007
2026-07-26 18:55:25,3167,0.1,0.1,7.2,   2009
2026-07-26 18:55:27,3167,0.1,0.1,7.2,   2011
2026-07-26 18:55:29,3167,0.1,0.1,7.2,   2013
2026-07-26 18:55:31,3167,0.1,0.1,7.2,   2015
2026-07-26 18:55:33,3167,0.1,0.1,7.2,   2017
2026-07-26 18:55:35,3167,0.1,0.1,7.2,   2019
2026-07-26 18:55:37,3167,0.1,0.1,7.2,   2021
2026-07-26 18:55:39,3167,0.1,0.1,7.2,   2023
2026-07-26 18:55:41,3167,0.1,0.1,7.2,   2025
2026-07-26 18:55:43,3167,0.1,0.1,7.2,   2027
2026-07-26 18:55:45,3167,0.1,0.1,7.2,   2029
2026-07-26 18:55:48,3167,0.1,0.1,7.2,   2031
2026-07-26 18:55:50,3167,0.1,0.1,7.2,   2034
2026-07-26 18:55:52,3167,0.1,0.1,7.2,   2036
2026-07-26 18:55:54,3167,0.1,0.1,7.2,   2038
2026-07-26 18:55:56,3167,0.1,0.1,7.2,   2040
2026-07-26 18:55:58,3167,0.1,0.1,7.2,   2042
2026-07-26 18:56:00,3167,0.1,0.1,7.2,   2044
2026-07-26 18:56:02,3167,0.1,0.1,7.2,   2046
2026-07-26 18:56:04,3167,0.1,0.1,7.2,   2048
2026-07-26 18:56:06,3167,0.1,0.1,7.2,   2050
2026-07-26 18:56:08,3167,0.1,0.1,7.2,   2052
2026-07-26 18:56:10,3167,0.1,0.1,7.2,   2054
2026-07-26 18:56:12,3167,0.1,0.1,7.2,   2056
2026-07-26 18:56:14,3167,0.1,0.1,7.2,   2058
2026-07-26 18:56:16,3167,0.1,0.1,7.2,   2060
2026-07-26 18:56:18,3167,0.1,0.1,7.2,   2062
2026-07-26 18:56:20,3167,0.1,0.1,7.2,   2064
2026-07-26 18:56:23,3167,0.1,0.1,7.2,   2067
2026-07-26 18:56:25,3167,0.1,0.1,7.2,   2069
2026-07-26 18:56:27,3167,0.1,0.1,7.2,   2071
2026-07-26 18:56:29,3167,0.1,0.1,7.2,   2073
2026-07-26 18:56:31,3167,0.1,0.1,7.2,   2075
2026-07-26 18:56:33,3167,0.1,0.1,7.2,   2077
2026-07-26 18:56:35,3167,0.1,0.1,7.2,   2079
2026-07-26 18:56:37,3167,0.1,0.1,7.2,   2081
2026-07-26 18:56:39,3167,0.1,0.1,7.2,   2083
2026-07-26 18:56:41,3167,0.1,0.1,7.2,   2085
2026-07-26 18:56:43,3167,0.1,0.1,7.2,   2087
2026-07-26 18:56:45,3167,0.1,0.1,7.2,   2089
2026-07-26 18:56:47,3167,0.1,0.1,7.2,   2091
2026-07-26 18:56:49,3167,0.1,0.1,7.2,   2093
2026-07-26 18:56:51,3167,0.1,0.1,7.2,   2095
2026-07-26 18:56:53,3167,0.1,0.1,7.2,   2097
2026-07-26 18:56:56,3167,0.1,0.1,7.2,   2100
2026-07-26 18:56:58,3167,0.1,0.1,7.2,   2102
2026-07-26 18:57:00,3167,0.1,0.1,7.2,   2104
2026-07-26 18:57:02,3167,0.1,0.1,7.2,   2106
2026-07-26 18:57:04,3167,0.1,0.1,7.2,   2108
2026-07-26 18:57:06,3167,0.1,0.1,7.2,   2110
2026-07-26 18:57:08,3167,0.1,0.1,7.2,   2112
2026-07-26 18:57:10,3167,0.1,0.1,7.2,   2114
2026-07-26 18:57:12,3167,0.1,0.1,7.2,   2116
2026-07-26 18:57:14,3167,0.1,0.1,7.2,   2118
2026-07-26 18:57:16,3167,0.1,0.1,7.2,   2120
2026-07-26 18:57:18,3167,0.1,0.1,7.2,   2122
2026-07-26 18:57:20,3167,0.1,0.1,7.2,   2124
2026-07-26 18:57:22,3167,0.1,0.1,7.2,   2126
2026-07-26 18:57:24,3167,0.1,0.1,7.2,   2128
2026-07-26 18:57:27,3167,0.1,0.1,7.2,   2130
2026-07-26 18:57:29,3167,0.1,0.1,7.2,   2133
2026-07-26 18:57:31,3167,0.1,0.1,7.2,   2135
2026-07-26 18:57:33,3167,0.1,0.1,7.2,   2137
2026-07-26 18:57:35,3167,0.1,0.1,7.2,   2139
2026-07-26 18:57:37,3167,0.1,0.1,7.2,   2141
2026-07-26 18:57:39,3167,0.1,0.1,7.2,   2143
2026-07-26 18:57:41,3167,0.1,0.1,7.2,   2145
2026-07-26 18:57:43,3167,0.1,0.1,7.2,   2147
2026-07-26 18:57:45,3167,0.1,0.1,7.2,   2149
2026-07-26 18:57:47,3167,0.1,0.1,7.2,   2151
2026-07-26 18:57:49,3167,0.1,0.1,7.2,   2153
2026-07-26 18:57:51,3167,0.1,0.1,7.2,   2155
2026-07-26 18:57:53,3167,0.1,0.1,7.2,   2157
2026-07-26 18:57:55,3167,0.1,0.1,7.2,   2159
2026-07-26 18:57:57,3167,0.1,0.1,7.2,   2161
2026-07-26 18:58:00,3167,0.1,0.1,7.2,   2163
2026-07-26 18:58:02,3167,0.1,0.1,7.2,   2166
2026-07-26 18:58:04,3167,0.1,0.1,7.2,   2168
2026-07-26 18:58:06,3167,0.1,0.1,7.2,   2170
2026-07-26 18:58:08,3167,0.1,0.1,7.2,   2172
2026-07-26 18:58:10,3167,0.1,0.1,7.2,   2174
2026-07-26 18:58:12,3167,0.1,0.1,7.2,   2176
2026-07-26 18:58:14,3167,0.1,0.1,7.2,   2178
2026-07-26 18:58:16,3167,0.1,0.1,7.2,   2180
2026-07-26 18:58:18,3167,0.1,0.1,7.2,   2182
2026-07-26 18:58:20,3167,0.1,0.1,7.2,   2184
2026-07-26 18:58:22,3167,0.1,0.1,7.2,   2186
2026-07-26 18:58:24,3167,0.1,0.1,7.2,   2188
2026-07-26 18:58:26,3167,0.1,0.1,7.2,   2190
2026-07-26 18:58:28,3167,0.1,0.1,7.2,   2192
2026-07-26 18:58:30,3167,0.1,0.1,7.2,   2194
2026-07-26 18:58:33,3167,0.1,0.1,7.2,   2196
2026-07-26 18:58:35,3167,0.1,0.1,7.2,   2199
2026-07-26 18:58:37,3167,0.1,0.1,7.2,   2201
2026-07-26 18:58:39,3167,0.1,0.1,7.2,   2203
2026-07-26 18:58:41,3167,0.1,0.1,7.2,   2205
2026-07-26 18:58:43,3167,0.1,0.1,7.2,   2207
2026-07-26 18:58:45,3167,0.1,0.1,7.2,   2209
2026-07-26 18:58:47,3167,0.1,0.1,7.2,   2211
2026-07-26 18:58:49,3167,0.1,0.1,7.2,   2213
2026-07-26 18:58:51,3167,0.1,0.1,7.2,   2215
2026-07-26 18:58:53,3167,0.1,0.1,7.2,   2217
2026-07-26 18:58:55,3167,0.1,0.1,7.2,   2219
2026-07-26 18:58:57,3167,0.1,0.1,7.2,   2221
2026-07-26 18:58:59,3167,0.1,0.1,7.2,   2223
2026-07-26 18:59:01,3167,0.1,0.1,7.2,   2225
2026-07-26 18:59:03,3167,0.1,0.1,7.2,   2227
2026-07-26 18:59:06,3167,0.1,0.1,7.2,   2229
2026-07-26 18:59:08,3167,0.1,0.1,7.2,   2232
2026-07-26 18:59:10,3167,0.1,0.1,7.2,   2234
2026-07-26 18:59:12,3167,0.1,0.1,7.2,   2236
2026-07-26 18:59:14,3167,0.1,0.1,7.2,   2238
2026-07-26 18:59:16,3167,0.1,0.1,7.2,   2240
2026-07-26 18:59:18,3167,0.1,0.1,7.2,   2242
2026-07-26 18:59:20,3167,0.1,0.1,7.2,   2244
2026-07-26 18:59:22,3167,0.1,0.1,7.2,   2246
2026-07-26 18:59:24,3167,0.1,0.1,7.2,   2248
2026-07-26 18:59:26,3167,0.1,0.1,7.2,   2250
2026-07-26 18:59:28,3167,0.1,0.1,7.2,   2252
2026-07-26 18:59:30,3167,0.1,0.1,7.2,   2254
2026-07-26 18:59:32,3167,0.1,0.1,7.2,   2256
2026-07-26 18:59:34,3167,0.1,0.1,7.2,   2258
2026-07-26 18:59:36,3167,0.1,0.1,7.2,   2260
2026-07-26 18:59:39,3167,0.1,0.1,7.2,   2262
2026-07-26 18:59:41,3167,0.1,0.1,7.2,   2265
2026-07-26 18:59:43,3167,0.1,0.1,7.2,   2267
2026-07-26 18:59:45,3167,0.1,0.1,7.2,   2269
2026-07-26 18:59:47,3167,0.1,0.1,7.2,   2271
2026-07-26 18:59:49,3167,0.1,0.1,7.2,   2273
2026-07-26 18:59:51,3167,0.1,0.1,7.2,   2275
2026-07-26 18:59:53,3167,0.1,0.1,7.2,   2277
2026-07-26 18:59:55,3167,0.1,0.1,7.2,   2279
2026-07-26 18:59:57,3167,0.1,0.1,7.2,   2281
2026-07-26 18:59:59,3167,0.1,0.1,7.2,   2283
2026-07-26 19:00:01,3167,0.1,0.1,7.2,   2285
2026-07-26 19:00:03,3167,0.1,0.1,7.2,   2287
2026-07-26 19:00:05,3167,0.1,0.1,7.2,   2289
2026-07-26 19:00:07,3167,0.1,0.1,7.2,   2291
2026-07-26 19:00:10,3167,0.1,0.1,7.2,   2293
2026-07-26 19:00:12,3167,0.1,0.1,7.2,   2296
2026-07-26 19:00:14,3167,0.1,0.1,7.2,   2298
2026-07-26 19:00:16,3167,0.1,0.1,7.2,   2300
2026-07-26 19:00:18,3167,0.1,0.1,7.2,   2302
2026-07-26 19:00:20,3167,0.1,0.1,7.2,   2304
2026-07-26 19:00:22,3167,0.1,0.1,7.2,   2306
2026-07-26 19:00:24,3167,0.1,0.1,7.2,   2308
2026-07-26 19:00:26,3167,0.1,0.1,7.2,   2310
2026-07-26 19:00:28,3167,0.1,0.1,7.2,   2312
2026-07-26 19:00:30,3167,0.1,0.1,7.2,   2314
2026-07-26 19:00:32,3167,0.1,0.1,7.2,   2316
2026-07-26 19:00:34,3167,0.1,0.1,7.2,   2318
2026-07-26 19:00:36,3167,0.1,0.1,7.2,   2320
2026-07-26 19:00:38,3167,0.1,0.1,7.2,   2322
2026-07-26 19:00:41,3167,0.1,0.1,7.2,   2324
2026-07-26 19:00:43,3167,0.1,0.1,7.2,   2327
2026-07-26 19:00:45,3167,0.1,0.1,7.2,   2329
2026-07-26 19:00:47,3167,0.1,0.1,7.2,   2331
2026-07-26 19:00:49,3167,0.1,0.1,7.2,   2333
2026-07-26 19:00:51,3167,0.1,0.1,7.2,   2335
2026-07-26 19:00:53,3167,0.1,0.1,7.2,   2337
2026-07-26 19:00:55,3167,0.1,0.1,7.2,   2339
2026-07-26 19:00:57,3167,0.1,0.1,7.2,   2341
2026-07-26 19:00:59,3167,0.1,0.1,7.2,   2343
2026-07-26 19:01:01,3167,0.1,0.1,7.2,   2345
2026-07-26 19:01:03,3167,0.1,0.1,7.2,   2347
2026-07-26 19:01:05,3167,0.1,0.1,7.2,   2349
2026-07-26 19:01:07,3167,0.1,0.1,7.2,   2351
2026-07-26 19:01:09,3167,0.1,0.1,7.2,   2353
2026-07-26 19:01:11,3167,0.1,0.1,7.2,   2355
2026-07-26 19:01:14,3167,0.1,0.1,7.2,   2357
2026-07-26 19:01:16,3167,0.1,0.1,7.2,   2360
2026-07-26 19:01:18,3167,0.1,0.1,7.2,   2362
2026-07-26 19:01:20,3167,0.1,0.1,7.2,   2364
2026-07-26 19:01:22,3167,0.1,0.1,7.2,   2366
2026-07-26 19:01:24,3167,0.1,0.1,7.2,   2368
2026-07-26 19:01:26,3167,0.1,0.1,7.2,   2370
2026-07-26 19:01:28,3167,0.1,0.1,7.2,   2372
2026-07-26 19:01:30,3167,0.1,0.1,7.2,   2374
2026-07-26 19:01:32,3167,0.1,0.1,7.2,   2376
2026-07-26 19:01:34,3167,0.1,0.1,7.2,   2378
2026-07-26 19:01:36,3167,0.1,0.1,7.2,   2380
2026-07-26 19:01:38,3167,0.1,0.1,7.2,   2382
2026-07-26 19:01:40,3167,0.1,0.1,7.2,   2384
2026-07-26 19:01:42,3167,0.1,0.1,7.2,   2386
2026-07-26 19:01:45,3167,0.1,0.1,7.2,   2388
2026-07-26 19:01:47,3167,0.1,0.1,7.2,   2391
2026-07-26 19:01:49,3167,0.1,0.1,7.2,   2393
2026-07-26 19:01:51,3167,0.1,0.1,7.2,   2395
2026-07-26 19:01:53,3167,0.1,0.1,7.2,   2397
2026-07-26 19:01:55,3167,0.1,0.1,7.2,   2399
2026-07-26 19:01:57,3167,0.1,0.1,7.2,   2401
2026-07-26 19:01:59,3167,0.1,0.1,7.2,   2403
2026-07-26 19:02:01,3167,0.1,0.1,7.2,   2405
2026-07-26 19:02:03,3167,0.1,0.1,7.2,   2407
2026-07-26 19:02:05,3167,0.1,0.1,7.2,   2409
2026-07-26 19:02:07,3167,0.1,0.1,7.2,   2411
2026-07-26 19:02:09,3167,0.1,0.1,7.2,   2413
2026-07-26 19:02:11,3167,0.1,0.1,7.2,   2415
2026-07-26 19:02:13,3167,0.1,0.1,7.2,   2417
2026-07-26 19:02:15,3167,0.1,0.1,7.2,   2419
2026-07-26 19:02:18,3167,0.1,0.1,7.2,   2421
2026-07-26 19:02:20,3167,0.1,0.1,7.2,   2424
2026-07-26 19:02:22,3167,0.1,0.1,7.2,   2426
2026-07-26 19:02:24,3167,0.1,0.1,7.2,   2428
2026-07-26 19:02:26,3167,0.1,0.1,7.2,   2430
2026-07-26 19:02:28,3167,0.1,0.1,7.2,   2432
2026-07-26 19:02:30,3167,0.1,0.1,7.2,   2434
2026-07-26 19:02:32,3167,0.1,0.1,7.2,   2436
2026-07-26 19:02:34,3167,0.1,0.1,7.2,   2438
2026-07-26 19:02:36,3167,0.1,0.1,7.2,   2440
2026-07-26 19:02:38,3167,0.1,0.1,7.2,   2442
2026-07-26 19:02:40,3167,0.1,0.1,7.2,   2444
2026-07-26 19:02:42,3167,0.1,0.1,7.2,   2446
2026-07-26 19:02:44,3167,0.1,0.1,7.2,   2448
2026-07-26 19:02:46,3167,0.1,0.1,7.2,   2450
2026-07-26 19:02:48,3167,0.1,0.1,7.2,   2452
2026-07-26 19:02:50,3167,0.1,0.1,7.2,   2454
2026-07-26 19:02:53,3167,0.1,0.1,7.2,   2457
2026-07-26 19:02:55,3167,0.1,0.1,7.2,   2459
2026-07-26 19:02:57,3167,0.1,0.1,7.2,   2461
2026-07-26 19:02:59,3167,0.1,0.1,7.2,   2463
2026-07-26 19:03:01,3167,0.1,0.1,7.2,   2465
2026-07-26 19:03:03,3167,0.1,0.1,7.2,   2467
2026-07-26 19:03:05,3167,0.1,0.1,7.2,   2469
2026-07-26 19:03:07,3167,0.1,0.1,7.2,   2471
2026-07-26 19:03:09,3167,0.1,0.1,7.2,   2473
2026-07-26 19:03:11,3167,0.1,0.1,7.2,   2475
2026-07-26 19:03:13,3167,0.1,0.1,7.2,   2477
2026-07-26 19:03:15,3167,0.1,0.1,7.2,   2479
2026-07-26 19:03:17,3167,0.1,0.1,7.2,   2481
2026-07-26 19:03:19,3167,0.1,0.1,7.2,   2483
2026-07-26 19:03:21,3167,0.1,0.1,7.2,   2485
2026-07-26 19:03:23,3167,0.1,0.1,7.2,   2487
2026-07-26 19:03:26,3167,0.1,0.1,7.2,   2489
2026-07-26 19:03:28,3167,0.1,0.1,7.2,   2492
2026-07-26 19:03:30,3167,0.1,0.1,7.2,   2494
2026-07-26 19:03:32,3167,0.1,0.1,7.2,   2496
2026-07-26 19:03:34,3167,0.1,0.1,7.2,   2498
2026-07-26 19:03:36,3167,0.1,0.1,7.2,   2500
2026-07-26 19:03:38,3167,0.1,0.1,7.2,   2502
2026-07-26 19:03:40,3167,0.1,0.1,7.2,   2504
2026-07-26 19:03:42,3167,0.1,0.1,7.2,   2506
2026-07-26 19:03:44,3167,0.1,0.1,7.2,   2508
2026-07-26 19:03:46,3167,0.1,0.1,7.2,   2510
2026-07-26 19:03:48,3167,0.1,0.1,7.2,   2512
2026-07-26 19:03:50,3167,0.1,0.1,7.2,   2514
2026-07-26 19:03:52,3167,0.1,0.1,7.2,   2516
2026-07-26 19:03:54,3167,0.1,0.1,7.2,   2518
2026-07-26 19:03:56,3167,0.1,0.1,7.2,   2520
2026-07-26 19:03:59,3167,0.1,0.1,7.2,   2522
2026-07-26 19:04:01,3167,0.1,0.1,7.2,   2525
2026-07-26 19:04:03,3167,0.1,0.1,7.2,   2527
2026-07-26 19:04:05,3167,0.1,0.1,7.2,   2529
2026-07-26 19:04:07,3167,0.1,0.1,7.2,   2531
2026-07-26 19:04:09,3167,0.1,0.1,7.2,   2533
2026-07-26 19:04:11,3167,0.1,0.1,7.2,   2535
2026-07-26 19:04:13,3167,0.1,0.1,7.2,   2537
2026-07-26 19:04:15,3167,0.1,0.1,7.2,   2539
2026-07-26 19:04:17,3167,0.1,0.1,7.2,   2541
2026-07-26 19:04:19,3167,0.1,0.1,7.2,   2543
2026-07-26 19:04:21,3167,0.1,0.1,7.2,   2545
2026-07-26 19:04:23,3167,0.1,0.1,7.2,   2547
2026-07-26 19:04:25,3167,0.1,0.1,7.2,   2549
2026-07-26 19:04:27,3167,0.1,0.1,7.2,   2551
2026-07-26 19:04:30,3167,0.1,0.1,7.2,   2553
2026-07-26 19:04:32,3167,0.1,0.1,7.2,   2556
2026-07-26 19:04:34,3167,0.1,0.1,7.2,   2558
2026-07-26 19:04:36,3167,0.1,0.1,7.2,   2560
2026-07-26 19:04:38,3167,0.1,0.1,7.2,   2562
2026-07-26 19:04:40,3167,0.1,0.1,7.2,   2564
2026-07-26 19:04:42,3167,0.1,0.1,7.2,   2566
2026-07-26 19:04:44,3167,0.1,0.1,7.2,   2568
2026-07-26 19:04:46,3167,0.1,0.1,7.2,   2570
2026-07-26 19:04:48,3167,0.1,0.1,7.2,   2572
2026-07-26 19:04:50,3167,0.1,0.1,7.2,   2574
2026-07-26 19:04:52,3167,0.1,0.1,7.2,   2576
2026-07-26 19:04:54,3167,0.1,0.1,7.2,   2578
2026-07-26 19:04:56,3167,0.1,0.1,7.2,   2580
2026-07-26 19:04:58,3167,0.1,0.1,7.2,   2582
2026-07-26 19:05:00,3167,0.1,0.1,7.2,   2584
2026-07-26 19:05:03,3167,0.1,0.1,7.2,   2586
2026-07-26 19:05:05,3167,0.1,0.1,7.2,   2589
2026-07-26 19:05:07,3167,0.1,0.1,7.2,   2591
2026-07-26 19:05:09,3167,0.1,0.1,7.2,   2593
2026-07-26 19:05:11,3167,0.1,0.1,7.2,   2595
2026-07-26 19:05:13,3167,0.1,0.1,7.2,   2597
2026-07-26 19:05:15,3167,0.1,0.1,7.2,   2599
2026-07-26 19:05:17,3167,0.1,0.1,7.2,   2601
2026-07-26 19:05:19,3167,0.1,0.1,7.2,   2603
2026-07-26 19:05:21,3167,0.1,0.1,7.2,   2605
2026-07-26 19:05:23,3167,0.1,0.1,7.2,   2607
2026-07-26 19:05:25,3167,0.1,0.1,7.2,   2609
2026-07-26 19:05:27,3167,0.1,0.1,7.2,   2611
2026-07-26 19:05:29,3167,0.1,0.1,7.2,   2613
2026-07-26 19:05:31,3167,0.1,0.1,7.2,   2615
2026-07-26 19:05:33,3167,0.1,0.1,7.2,   2617
2026-07-26 19:05:35,3167,0.1,0.1,7.2,   2619
2026-07-26 19:05:38,3167,0.1,0.1,7.2,   2622
2026-07-26 19:05:40,3167,0.1,0.1,7.2,   2624
2026-07-26 19:05:42,3167,0.1,0.1,7.2,   2626
2026-07-26 19:05:44,3167,0.1,0.1,7.2,   2628
2026-07-26 19:05:46,3167,0.1,0.1,7.2,   2630
2026-07-26 19:05:48,3167,0.1,0.1,7.2,   2632
2026-07-26 19:05:50,3167,0.1,0.1,7.2,   2634
2026-07-26 19:05:52,3167,0.1,0.1,7.2,   2636
2026-07-26 19:05:54,3167,0.1,0.1,7.2,   2638
2026-07-26 19:05:56,3167,0.1,0.1,7.2,   2640
2026-07-26 19:05:58,3167,0.1,0.1,7.2,   2642
2026-07-26 19:06:00,3167,0.1,0.1,7.2,   2644
2026-07-26 19:06:02,3167,0.1,0.1,7.2,   2646
2026-07-26 19:06:04,3167,0.1,0.1,7.2,   2648
2026-07-26 19:06:06,3167,0.1,0.1,7.2,   2650
2026-07-26 19:06:09,3167,0.1,0.1,7.2,   2653
2026-07-26 19:06:11,3167,0.1,0.1,7.2,   2655
2026-07-26 19:06:13,3167,0.1,0.1,7.2,   2657
2026-07-26 19:06:15,3167,0.1,0.1,7.2,   2659
2026-07-26 19:06:17,3167,0.1,0.1,7.2,   2661
2026-07-26 19:06:19,3167,0.1,0.1,7.2,   2663
2026-07-26 19:06:21,3167,0.1,0.1,7.2,   2665
2026-07-26 19:06:23,3167,0.1,0.1,7.2,   2667
2026-07-26 19:06:25,3167,0.1,0.1,7.2,   2669
2026-07-26 19:06:27,3167,0.1,0.1,7.2,   2671
2026-07-26 19:06:29,3167,0.1,0.1,7.2,   2673
2026-07-26 19:06:31,3167,0.1,0.1,7.2,   2675
2026-07-26 19:06:33,3167,0.1,0.1,7.2,   2677
2026-07-26 19:06:35,3167,0.1,0.1,7.2,   2679
2026-07-26 19:06:37,3167,0.1,0.1,7.2,   2681
2026-07-26 19:06:40,3167,0.1,0.1,7.2,   2683
2026-07-26 19:06:42,3167,0.1,0.1,7.2,   2686
2026-07-26 19:06:44,3167,0.1,0.1,7.2,   2688
2026-07-26 19:06:46,3167,0.1,0.1,7.2,   2690
2026-07-26 19:06:48,3167,0.1,0.1,7.2,   2692
2026-07-26 19:06:50,3167,0.1,0.1,7.2,   2694
2026-07-26 19:06:52,3167,0.1,0.1,7.2,   2696
2026-07-26 19:06:54,3167,0.1,0.1,7.2,   2698
2026-07-26 19:06:56,3167,0.1,0.1,7.2,   2700
2026-07-26 19:06:58,3167,0.1,0.1,7.2,   2702
2026-07-26 19:07:00,3167,0.1,0.1,7.2,   2704
2026-07-26 19:07:02,3167,0.1,0.1,7.2,   2706
2026-07-26 19:07:04,3167,0.1,0.1,7.2,   2708
2026-07-26 19:07:06,3167,0.1,0.1,7.2,   2710
2026-07-26 19:07:08,3167,0.1,0.1,7.2,   2712
2026-07-26 19:07:11,3167,0.1,0.1,7.2,   2714
2026-07-26 19:07:13,3167,0.1,0.1,7.2,   2717
2026-07-26 19:07:15,3167,0.1,0.1,7.2,   2719
2026-07-26 19:07:17,3167,0.1,0.1,7.2,   2721
2026-07-26 19:07:19,3167,0.1,0.1,7.2,   2723
2026-07-26 19:07:21,3167,0.1,0.1,7.2,   2725
2026-07-26 19:07:23,3167,0.1,0.1,7.2,   2727
2026-07-26 19:07:25,3167,0.1,0.1,7.2,   2729
2026-07-26 19:07:27,3167,0.1,0.1,7.2,   2731
2026-07-26 19:07:29,3167,0.1,0.1,7.2,   2733
2026-07-26 19:07:31,3167,0.1,0.1,7.2,   2735
2026-07-26 19:07:33,3167,0.1,0.1,7.2,   2737
2026-07-26 19:07:35,3167,0.1,0.1,7.2,   2739
2026-07-26 19:07:37,3167,0.1,0.1,7.2,   2741
2026-07-26 19:07:39,3167,0.1,0.1,7.2,   2743
2026-07-26 19:07:41,3167,0.1,0.1,7.2,   2745
2026-07-26 19:07:44,3167,0.1,0.1,7.2,   2748
2026-07-26 19:07:46,3167,0.1,0.1,7.2,   2750
2026-07-26 19:07:48,3167,0.1,0.1,7.2,   2752
2026-07-26 19:07:50,3167,0.1,0.1,7.2,   2754
2026-07-26 19:07:52,3167,0.1,0.1,7.2,   2756
2026-07-26 19:07:54,3167,0.1,0.1,7.2,   2758
2026-07-26 19:07:56,3167,0.1,0.1,7.2,   2760
2026-07-26 19:07:58,3167,0.1,0.1,7.2,   2762
2026-07-26 19:08:00,3167,0.1,0.1,7.2,   2764
2026-07-26 19:08:02,3167,0.1,0.1,7.2,   2766
2026-07-26 19:08:04,3167,0.1,0.1,7.2,   2768
2026-07-26 19:08:06,3167,0.1,0.1,7.2,   2770
2026-07-26 19:08:08,3167,0.1,0.1,7.2,   2772
2026-07-26 19:08:10,3167,0.1,0.1,7.2,   2774
2026-07-26 19:08:12,3167,0.1,0.1,7.2,   2776
2026-07-26 19:08:14,3167,0.1,0.1,7.2,   2778
2026-07-26 19:08:17,3167,0.1,0.1,7.2,   2781
2026-07-26 19:08:19,3167,0.1,0.1,7.2,   2783
2026-07-26 19:08:21,3167,0.1,0.1,7.2,   2785
2026-07-26 19:08:23,3167,0.1,0.1,7.2,   2787
2026-07-26 19:08:25,3167,0.1,0.1,7.2,   2789
2026-07-26 19:08:27,3167,0.1,0.1,7.2,   2791
2026-07-26 19:08:29,3167,0.1,0.1,7.2,   2793
2026-07-26 19:08:31,3167,0.1,0.1,7.2,   2795
2026-07-26 19:08:33,3167,0.1,0.1,7.2,   2797
2026-07-26 19:08:35,3167,0.1,0.1,7.2,   2799
2026-07-26 19:08:37,3167,0.1,0.1,7.2,   2801
2026-07-26 19:08:39,3167,0.1,0.1,7.2,   2803
2026-07-26 19:08:41,3167,0.1,0.1,7.2,   2805
2026-07-26 19:08:43,3167,0.1,0.1,7.2,   2807
2026-07-26 19:08:46,3167,0.1,0.1,7.2,   2809
2026-07-26 19:08:48,3167,0.1,0.1,7.2,   2812
2026-07-26 19:08:50,3167,0.1,0.1,7.2,   2814
2026-07-26 19:08:52,3167,0.1,0.1,7.2,   2816
2026-07-26 19:08:54,3167,0.1,0.1,7.2,   2818
2026-07-26 19:08:56,3167,0.1,0.1,7.2,   2820
2026-07-26 19:08:58,3167,0.1,0.1,7.2,   2822
2026-07-26 19:09:00,3167,0.1,0.1,7.2,   2824
2026-07-26 19:09:02,3167,0.1,0.1,7.2,   2826
2026-07-26 19:09:04,3167,0.1,0.1,7.2,   2828
2026-07-26 19:09:06,3167,0.1,0.1,7.2,   2830
2026-07-26 19:09:08,3167,0.1,0.1,7.2,   2832
2026-07-26 19:09:10,3167,0.1,0.1,7.2,   2834
2026-07-26 19:09:12,3167,0.1,0.1,7.2,   2836
2026-07-26 19:09:15,3167,0.1,0.1,7.2,   2838
2026-07-26 19:09:17,3167,0.1,0.1,7.2,   2841
2026-07-26 19:09:19,3167,0.1,0.1,7.2,   2843
2026-07-26 19:09:21,3167,0.1,0.1,7.2,   2845
2026-07-26 19:09:23,3167,0.1,0.1,7.2,   2847
2026-07-26 19:09:25,3167,0.1,0.1,7.2,   2849
2026-07-26 19:09:27,3167,0.1,0.1,7.2,   2851
2026-07-26 19:09:29,3167,0.1,0.1,7.2,   2853
2026-07-26 19:09:31,3167,0.1,0.1,7.2,   2855
2026-07-26 19:09:33,3167,0.1,0.1,7.2,   2857
2026-07-26 19:09:35,3167,0.1,0.1,7.2,   2859
2026-07-26 19:09:37,3167,0.1,0.1,7.2,   2861
2026-07-26 19:09:39,3167,0.1,0.1,7.2,   2863
2026-07-26 19:09:41,3167,0.1,0.1,7.2,   2865
2026-07-26 19:09:43,3167,0.1,0.1,7.2,   2867
2026-07-26 19:09:46,3167,0.1,0.1,7.2,   2869
2026-07-26 19:09:48,3167,0.1,0.1,7.2,   2872
2026-07-26 19:09:50,3167,0.1,0.1,7.2,   2874
2026-07-26 19:09:52,3167,0.1,0.1,7.2,   2876
2026-07-26 19:09:54,3167,0.1,0.1,7.2,   2878
2026-07-26 19:09:56,3167,0.1,0.1,7.2,   2880
2026-07-26 19:09:58,3167,0.1,0.1,7.2,   2882
2026-07-26 19:10:00,3167,0.1,0.1,7.2,   2884
2026-07-26 19:10:02,3167,0.1,0.1,7.2,   2886
2026-07-26 19:10:04,3167,0.1,0.1,7.2,   2888
2026-07-26 19:10:06,3167,0.1,0.1,7.2,   2890
2026-07-26 19:10:08,3167,0.1,0.1,7.2,   2892
2026-07-26 19:10:10,3167,0.1,0.1,7.2,   2894
2026-07-26 19:10:12,3167,0.1,0.1,7.2,   2896
2026-07-26 19:10:14,3167,0.1,0.1,7.2,   2898
2026-07-26 19:10:17,3167,0.1,0.1,7.2,   2900
2026-07-26 19:10:19,3167,0.1,0.1,7.2,   2903
2026-07-26 19:10:21,3167,0.1,0.1,7.2,   2905
2026-07-26 19:10:23,3167,0.1,0.1,7.2,   2907
2026-07-26 19:10:25,3167,0.1,0.1,7.2,   2909
2026-07-26 19:10:27,3167,0.1,0.1,7.2,   2911
2026-07-26 19:10:29,3167,0.1,0.1,7.2,   2913
2026-07-26 19:10:31,3167,0.1,0.1,7.2,   2915
2026-07-26 19:10:33,3167,0.1,0.1,7.2,   2917
2026-07-26 19:10:35,3167,0.1,0.1,7.2,   2919
2026-07-26 19:10:37,3167,0.1,0.1,7.2,   2921
2026-07-26 19:10:39,3167,0.1,0.1,7.2,   2923
2026-07-26 19:10:41,3167,0.1,0.1,7.2,   2925
2026-07-26 19:10:43,3167,0.1,0.1,7.2,   2927
2026-07-26 19:10:45,3167,0.1,0.1,7.2,   2929
2026-07-26 19:10:47,3167,0.1,0.1,7.2,   2931
2026-07-26 19:10:50,3167,0.1,0.1,7.2,   2933
2026-07-26 19:10:52,3167,0.1,0.1,7.2,   2936
2026-07-26 19:10:54,3167,0.1,0.1,7.2,   2938
2026-07-26 19:10:56,3167,0.1,0.1,7.2,   2940
2026-07-26 19:10:58,3167,0.1,0.1,7.2,   2942
2026-07-26 19:11:00,3167,0.1,0.1,7.2,   2944
2026-07-26 19:11:02,3167,0.1,0.1,7.2,   2946
2026-07-26 19:11:04,3167,0.1,0.1,7.2,   2948
2026-07-26 19:11:06,3167,0.1,0.1,7.2,   2950
2026-07-26 19:11:08,3167,0.1,0.1,7.2,   2952
2026-07-26 19:11:10,3167,0.1,0.1,7.2,   2954
2026-07-26 19:11:12,3167,0.1,0.1,7.2,   2956
2026-07-26 19:11:14,3167,0.1,0.1,7.2,   2958
2026-07-26 19:11:16,3167,0.1,0.1,7.2,   2960
2026-07-26 19:11:18,3167,0.1,0.1,7.2,   2962
2026-07-26 19:11:20,3167,0.1,0.1,7.2,   2964
2026-07-26 19:11:23,3167,0.1,0.1,7.2,   2967
2026-07-26 19:11:25,3167,0.1,0.1,7.2,   2969
2026-07-26 19:11:27,3167,0.1,0.1,7.2,   2971
2026-07-26 19:11:29,3167,0.1,0.1,7.2,   2973
2026-07-26 19:11:31,3167,0.1,0.1,7.2,   2975
2026-07-26 19:11:33,3167,0.1,0.1,7.2,   2977
2026-07-26 19:11:35,3167,0.1,0.1,7.2,   2979
2026-07-26 19:11:37,3167,0.1,0.1,7.2,   2981
2026-07-26 19:11:39,3167,0.1,0.1,7.2,   2983
2026-07-26 19:11:41,3167,0.1,0.1,7.2,   2985
2026-07-26 19:11:43,3167,0.1,0.1,7.2,   2987
2026-07-26 19:11:45,3167,0.1,0.1,7.2,   2989
2026-07-26 19:11:47,3167,0.1,0.1,7.2,   2991
2026-07-26 19:11:49,3167,0.1,0.1,7.2,   2993
2026-07-26 19:11:52,3167,0.1,0.1,7.2,   2995
2026-07-26 19:11:54,3167,0.1,0.1,7.2,   2998
2026-07-26 19:11:56,3167,0.1,0.1,7.2,   3000
2026-07-26 19:11:58,3167,0.1,0.1,7.2,   3002
2026-07-26 19:12:00,3167,0.1,0.1,7.2,   3004
2026-07-26 19:12:02,3167,0.1,0.1,7.2,   3006
2026-07-26 19:12:04,3167,0.1,0.1,7.2,   3008
2026-07-26 19:12:06,3167,0.1,0.1,7.2,   3010
2026-07-26 19:12:08,3167,0.1,0.1,7.2,   3012
2026-07-26 19:12:10,3167,0.1,0.1,7.2,   3014
2026-07-26 19:12:12,3167,0.1,0.1,7.2,   3016
2026-07-26 19:12:14,3167,0.1,0.1,7.2,   3018
2026-07-26 19:12:16,3167,0.1,0.1,7.2,   3020
2026-07-26 19:12:18,3167,0.1,0.1,7.2,   3022
2026-07-26 19:12:20,3167,0.1,0.1,7.2,   3024
2026-07-26 19:12:22,3167,0.1,0.1,7.2,   3026
2026-07-26 19:12:25,3167,0.1,0.1,7.2,   3029
2026-07-26 19:12:27,3167,0.1,0.1,7.2,   3031
2026-07-26 19:12:29,3167,0.1,0.1,7.2,   3033
2026-07-26 19:12:31,3167,0.1,0.1,7.2,   3035
2026-07-26 19:12:33,3167,0.1,0.1,7.2,   3037
2026-07-26 19:12:35,3167,0.1,0.1,7.2,   3039
2026-07-26 19:12:37,3167,0.1,0.1,7.2,   3041
2026-07-26 19:12:39,3167,0.1,0.1,7.2,   3043
2026-07-26 19:12:41,3167,0.1,0.1,7.2,   3045
2026-07-26 19:12:43,3167,0.1,0.1,7.2,   3047
2026-07-26 19:12:45,3167,0.1,0.1,7.2,   3049
2026-07-26 19:12:47,3167,0.1,0.1,7.2,   3051
2026-07-26 19:12:49,3167,0.1,0.1,7.2,   3053
2026-07-26 19:12:51,3167,0.1,0.1,7.2,   3055
2026-07-26 19:12:53,3167,0.1,0.1,7.2,   3057
2026-07-26 19:12:56,3167,0.1,0.1,7.2,   3059
2026-07-26 19:12:58,3167,0.1,0.1,7.2,   3062
2026-07-26 19:13:00,3167,0.1,0.1,7.2,   3064
2026-07-26 19:13:02,3167,0.1,0.1,7.2,   3066
2026-07-26 19:13:04,3167,0.1,0.1,7.2,   3068
2026-07-26 19:13:06,3167,0.1,0.1,7.2,   3070
2026-07-26 19:13:08,3167,0.1,0.1,7.2,   3072
2026-07-26 19:13:10,3167,0.1,0.1,7.2,   3074
2026-07-26 19:13:12,3167,0.1,0.1,7.2,   3076
2026-07-26 19:13:14,3167,0.1,0.1,7.2,   3078
2026-07-26 19:13:16,3167,0.1,0.1,7.2,   3080
2026-07-26 19:13:18,3167,0.1,0.1,7.2,   3082
2026-07-26 19:13:20,3167,0.1,0.1,7.2,   3084
2026-07-26 19:13:22,3167,0.1,0.1,7.2,   3086
2026-07-26 19:13:24,3167,0.1,0.1,7.2,   3088
2026-07-26 19:13:27,3167,0.1,0.1,7.2,   3090
2026-07-26 19:13:29,3167,0.1,0.1,7.2,   3093
2026-07-26 19:13:31,3167,0.1,0.1,7.2,   3095
2026-07-26 19:13:33,3167,0.1,0.1,7.2,   3097
2026-07-26 19:13:35,3167,0.1,0.1,7.2,   3099
2026-07-26 19:13:37,3167,0.1,0.1,7.2,   3101
2026-07-26 19:13:39,3167,0.1,0.1,7.2,   3103
2026-07-26 19:13:41,3167,0.1,0.1,7.2,   3105
2026-07-26 19:13:43,3167,0.1,0.1,7.2,   3107
2026-07-26 19:13:45,3167,0.1,0.1,7.2,   3109
2026-07-26 19:13:47,3167,0.1,0.1,7.2,   3111
2026-07-26 19:13:49,3167,0.1,0.1,7.2,   3113
2026-07-26 19:13:51,3167,0.1,0.1,7.2,   3115
2026-07-26 19:13:53,3167,0.1,0.1,7.2,   3117
2026-07-26 19:13:55,3167,0.1,0.1,7.2,   3119
2026-07-26 19:13:57,3167,0.1,0.1,7.2,   3121
2026-07-26 19:14:00,3167,0.1,0.1,7.2,   3123
2026-07-26 19:14:02,3167,0.1,0.1,7.2,   3126
2026-07-26 19:14:04,3167,0.1,0.1,7.2,   3128
2026-07-26 19:14:06,3167,0.1,0.1,7.2,   3130
2026-07-26 19:14:08,3167,0.1,0.1,7.2,   3132
2026-07-26 19:14:10,3167,0.1,0.1,7.2,   3134
2026-07-26 19:14:12,3167,0.1,0.1,7.2,   3136
2026-07-26 19:14:14,3167,0.1,0.1,7.2,   3138
2026-07-26 19:14:16,3167,0.1,0.1,7.2,   3140
2026-07-26 19:14:18,3167,0.1,0.1,7.2,   3142
2026-07-26 19:14:20,3167,0.1,0.1,7.2,   3144
2026-07-26 19:14:22,3167,0.1,0.1,7.2,   3146
2026-07-26 19:14:24,3167,0.1,0.1,7.2,   3148
2026-07-26 19:14:26,3167,0.1,0.1,7.2,   3150
2026-07-26 19:14:28,3167,0.1,0.1,7.2,   3152
2026-07-26 19:14:30,3167,0.1,0.1,7.2,   3154
2026-07-26 19:14:33,3167,0.1,0.1,7.2,   3157
2026-07-26 19:14:35,3167,0.1,0.1,7.2,   3159
2026-07-26 19:14:37,3167,0.1,0.1,7.2,   3161
2026-07-26 19:14:39,3167,0.1,0.1,7.2,   3163
2026-07-26 19:14:41,3167,0.1,0.1,7.2,   3165
2026-07-26 19:14:43,3167,0.1,0.1,7.2,   3167
2026-07-26 19:14:45,3167,0.1,0.1,7.2,   3169
2026-07-26 19:14:47,3167,0.1,0.1,7.2,   3171
2026-07-26 19:14:49,3167,0.1,0.1,7.2,   3173
2026-07-26 19:14:51,3167,0.1,0.1,7.2,   3175
2026-07-26 19:14:53,3167,0.1,0.1,7.2,   3177
2026-07-26 19:14:55,3167,0.1,0.1,7.2,   3179
2026-07-26 19:14:57,3167,0.1,0.1,7.2,   3181
2026-07-26 19:14:59,3167,0.1,0.1,7.2,   3183
2026-07-26 19:15:01,3167,0.1,0.1,7.2,   3185
2026-07-26 19:15:04,3167,0.1,0.1,7.2,   3187
2026-07-26 19:15:06,3167,0.1,0.1,7.2,   3190
2026-07-26 19:15:08,3167,0.1,0.1,7.2,   3192
2026-07-26 19:15:10,3167,0.1,0.1,7.2,   3194
2026-07-26 19:15:12,3167,0.1,0.1,7.2,   3196
2026-07-26 19:15:14,3167,0.1,0.1,7.2,   3198
2026-07-26 19:15:16,3167,0.1,0.1,7.2,   3200
2026-07-26 19:15:18,3167,0.1,0.1,7.2,   3202
2026-07-26 19:15:20,3167,0.1,0.1,7.2,   3204
2026-07-26 19:15:22,3167,0.1,0.1,7.2,   3206
2026-07-26 19:15:24,3167,0.1,0.1,7.2,   3208
2026-07-26 19:15:26,3167,0.1,0.1,7.2,   3210
2026-07-26 19:15:28,3167,0.1,0.1,7.2,   3212
2026-07-26 19:15:30,3167,0.1,0.1,7.2,   3214
2026-07-26 19:15:32,3167,0.1,0.1,7.2,   3216
2026-07-26 19:15:34,3167,0.1,0.1,7.2,   3218
2026-07-26 19:15:37,3167,0.1,0.1,7.2,   3220
2026-07-26 19:15:39,3167,0.1,0.1,7.2,   3223
2026-07-26 19:15:41,3167,0.1,0.1,7.2,   3225
2026-07-26 19:15:43,3167,0.1,0.1,7.2,   3227
2026-07-26 19:15:45,3167,0.1,0.1,7.2,   3229
2026-07-26 19:15:47,3167,0.1,0.1,7.2,   3231
2026-07-26 19:15:49,3167,0.1,0.1,7.2,   3233
2026-07-26 19:15:51,3167,0.1,0.1,7.2,   3235
2026-07-26 19:15:53,3167,0.1,0.1,7.2,   3237
2026-07-26 19:15:55,3167,0.1,0.1,7.2,   3239
2026-07-26 19:15:57,3167,0.1,0.1,7.2,   3241
2026-07-26 19:15:59,3167,0.1,0.1,7.2,   3243
2026-07-26 19:16:01,3167,0.1,0.1,7.2,   3245
2026-07-26 19:16:03,3167,0.1,0.1,7.2,   3247
2026-07-26 19:16:05,3167,0.1,0.1,7.2,   3249
2026-07-26 19:16:07,3167,0.1,0.1,7.2,   3251
2026-07-26 19:16:10,3167,0.1,0.1,7.2,   3253
2026-07-26 19:16:12,3167,0.1,0.1,7.2,   3256
2026-07-26 19:16:14,3167,0.1,0.1,7.2,   3258
2026-07-26 19:16:16,3167,0.1,0.1,7.2,   3260
2026-07-26 19:16:18,3167,0.1,0.1,7.2,   3262
2026-07-26 19:16:20,3167,0.1,0.1,7.2,   3264
2026-07-26 19:16:22,3167,0.1,0.1,7.2,   3266
2026-07-26 19:16:24,3167,0.1,0.1,7.2,   3268
2026-07-26 19:16:26,3167,0.1,0.1,7.2,   3270
2026-07-26 19:16:28,3167,0.1,0.1,7.2,   3272
2026-07-26 19:16:30,3167,0.1,0.1,7.2,   3274
2026-07-26 19:16:32,3167,0.1,0.1,7.2,   3276
2026-07-26 19:16:34,3167,0.1,0.1,7.2,   3278
2026-07-26 19:16:36,3167,0.1,0.1,7.2,   3280
2026-07-26 19:16:38,3167,0.1,0.1,7.2,   3282
2026-07-26 19:16:40,3167,0.1,0.1,7.2,   3284
2026-07-26 19:16:43,3167,0.1,0.1,7.2,   3286
2026-07-26 19:16:45,3167,0.1,0.1,7.2,   3289
2026-07-26 19:16:47,3167,0.1,0.1,7.2,   3291
2026-07-26 19:16:49,3167,0.1,0.1,7.2,   3293
2026-07-26 19:16:51,3167,0.1,0.1,7.2,   3295
2026-07-26 19:16:53,3167,0.1,0.1,7.2,   3297
2026-07-26 19:16:55,3167,0.1,0.1,7.2,   3299
2026-07-26 19:16:57,3167,0.1,0.1,7.2,   3301
2026-07-26 19:16:59,3167,0.1,0.1,7.2,   3303
2026-07-26 19:17:01,3167,0.1,0.1,7.2,   3305
2026-07-26 19:17:03,3167,0.1,0.1,7.2,   3307
2026-07-26 19:17:05,3167,0.1,0.1,7.2,   3309
2026-07-26 19:17:07,3167,0.1,0.1,7.2,   3311
2026-07-26 19:17:09,3167,0.1,0.1,7.2,   3313
2026-07-26 19:17:11,3167,0.1,0.1,7.2,   3315
2026-07-26 19:17:14,3167,0.1,0.1,7.2,   3317
2026-07-26 19:17:16,3167,0.1,0.1,7.2,   3320
2026-07-26 19:17:18,3167,0.1,0.1,7.2,   3322
2026-07-26 19:17:20,3167,0.1,0.1,7.2,   3324
2026-07-26 19:17:22,3167,0.1,0.1,7.2,   3326
2026-07-26 19:17:24,3167,0.1,0.1,7.2,   3328
2026-07-26 19:17:26,3167,0.1,0.1,7.2,   3330
2026-07-26 19:17:28,3167,0.1,0.1,7.2,   3332
2026-07-26 19:17:30,3167,0.1,0.1,7.2,   3334
2026-07-26 19:17:32,3167,0.1,0.1,7.2,   3336
2026-07-26 19:17:34,3167,0.1,0.1,7.2,   3338
2026-07-26 19:17:36,3167,0.1,0.1,7.2,   3340
2026-07-26 19:17:38,3167,0.1,0.1,7.2,   3342
2026-07-26 19:17:40,3167,0.1,0.1,7.2,   3344
2026-07-26 19:17:42,3167,0.1,0.1,7.2,   3346
2026-07-26 19:17:44,3167,0.1,0.1,7.2,   3348
2026-07-26 19:17:47,3167,0.1,0.1,7.2,   3350
2026-07-26 19:17:49,3167,0.1,0.1,7.2,   3353
2026-07-26 19:17:51,3167,0.1,0.1,7.2,   3355
2026-07-26 19:17:53,3167,0.1,0.1,7.2,   3357
2026-07-26 19:17:55,3167,0.1,0.1,7.2,   3359
2026-07-26 19:17:57,3167,0.1,0.1,7.2,   3361
2026-07-26 19:17:59,3167,0.1,0.1,7.2,   3363
2026-07-26 19:18:01,3167,0.1,0.1,7.2,   3365
2026-07-26 19:18:03,3167,0.1,0.1,7.2,   3367
2026-07-26 19:18:05,3167,0.1,0.1,7.2,   3369
2026-07-26 19:18:07,3167,0.1,0.1,7.2,   3371
2026-07-26 19:18:09,3167,0.1,0.1,7.2,   3373
2026-07-26 19:18:11,3167,0.1,0.1,7.2,   3375
2026-07-26 19:18:13,3167,0.1,0.1,7.2,   3377
2026-07-26 19:18:15,3167,0.1,0.1,7.2,   3379
2026-07-26 19:18:18,3167,0.1,0.1,7.2,   3381
2026-07-26 19:18:20,3167,0.1,0.1,7.2,   3384
2026-07-26 19:18:22,3167,0.1,0.1,7.2,   3386
2026-07-26 19:18:24,3167,0.1,0.1,7.2,   3388
2026-07-26 19:18:26,3167,0.1,0.1,7.2,   3390
2026-07-26 19:18:28,3167,0.1,0.1,7.2,   3392
2026-07-26 19:18:30,3167,0.1,0.1,7.2,   3394
2026-07-26 19:18:32,3167,0.1,0.1,7.2,   3396
2026-07-26 19:18:34,3167,0.1,0.1,7.2,   3398
2026-07-26 19:18:36,3167,0.1,0.1,7.2,   3400
2026-07-26 19:18:38,3167,0.1,0.1,7.2,   3402
2026-07-26 19:18:40,3167,0.1,0.1,7.2,   3404
2026-07-26 19:18:42,3167,0.1,0.1,7.2,   3406
2026-07-26 19:18:44,3167,0.1,0.1,7.2,   3408
2026-07-26 19:18:46,3167,0.1,0.1,7.2,   3410
2026-07-26 19:18:48,3167,0.1,0.1,7.2,   3412
2026-07-26 19:18:51,3167,0.1,0.1,7.2,   3415
2026-07-26 19:18:53,3167,0.1,0.1,7.2,   3417
2026-07-26 19:18:55,3167,0.1,0.1,7.2,   3419
2026-07-26 19:18:57,3167,0.1,0.1,7.2,   3421
2026-07-26 19:18:59,3167,0.1,0.1,7.2,   3423
2026-07-26 19:19:01,3167,0.1,0.1,7.2,   3425
2026-07-26 19:19:03,3167,0.1,0.1,7.2,   3427
2026-07-26 19:19:05,3167,0.1,0.1,7.2,   3429
2026-07-26 19:19:07,3167,0.1,0.1,7.2,   3431
2026-07-26 19:19:09,3167,0.1,0.1,7.2,   3433
2026-07-26 19:19:11,3167,0.1,0.1,7.2,   3435
2026-07-26 19:19:13,3167,0.1,0.1,7.2,   3437
2026-07-26 19:19:15,3167,0.1,0.1,7.2,   3439
2026-07-26 19:19:17,3167,0.1,0.1,7.2,   3441
2026-07-26 19:19:19,3167,0.1,0.1,7.2,   3443
2026-07-26 19:19:22,3167,0.1,0.1,7.2,   3445
2026-07-26 19:19:24,3167,0.1,0.1,7.2,   3448
2026-07-26 19:19:26,3167,0.1,0.1,7.2,   3450
2026-07-26 19:19:28,3167,0.1,0.1,7.2,   3452
2026-07-26 19:19:30,3167,0.1,0.1,7.2,   3454
2026-07-26 19:19:32,3167,0.1,0.1,7.2,   3456
2026-07-26 19:19:34,3167,0.1,0.1,7.2,   3458
2026-07-26 19:19:36,3167,0.1,0.1,7.2,   3460
2026-07-26 19:19:38,3167,0.1,0.1,7.2,   3462
2026-07-26 19:19:40,3167,0.1,0.1,7.2,   3464
2026-07-26 19:19:42,3167,0.1,0.1,7.2,   3466
2026-07-26 19:19:44,3167,0.1,0.1,7.2,   3468
2026-07-26 19:19:46,3167,0.1,0.1,7.2,   3470
2026-07-26 19:19:48,3167,0.1,0.1,7.2,   3472
2026-07-26 19:19:50,3167,0.1,0.1,7.2,   3474
2026-07-26 19:19:52,3167,0.1,0.1,7.2,   3476
2026-07-26 19:19:55,3167,0.1,0.1,7.2,   3478
2026-07-26 19:19:57,3167,0.1,0.1,7.2,   3481
2026-07-26 19:19:59,3167,0.1,0.1,7.2,   3483
2026-07-26 19:20:01,3167,0.1,0.1,7.2,   3485
2026-07-26 19:20:03,3167,0.1,0.1,7.2,   3487
2026-07-26 19:20:05,3167,0.1,0.1,7.2,   3489
2026-07-26 19:20:07,3167,0.1,0.1,7.2,   3491
2026-07-26 19:20:09,3167,0.1,0.1,7.2,   3493
2026-07-26 19:20:11,3167,0.1,0.1,7.2,   3495
2026-07-26 19:20:13,3167,0.1,0.1,7.2,   3497
2026-07-26 19:20:15,3167,0.1,0.1,7.2,   3499
2026-07-26 19:20:17,3167,0.1,0.1,7.2,   3501
2026-07-26 19:20:19,3167,0.1,0.1,7.2,   3503
2026-07-26 19:20:21,3167,0.1,0.1,7.2,   3505
2026-07-26 19:20:23,3167,0.1,0.1,7.2,   3507
2026-07-26 19:20:26,3167,0.1,0.1,7.2,   3510
2026-07-26 19:20:28,3167,0.1,0.1,7.2,   3512
2026-07-26 19:20:30,3167,0.1,0.1,7.2,   3514
2026-07-26 19:20:32,3167,0.1,0.1,7.2,   3516
2026-07-26 19:20:34,3167,0.1,0.1,7.2,   3518
2026-07-26 19:20:36,3167,0.1,0.1,7.2,   3520
2026-07-26 19:20:38,3167,0.1,0.1,7.2,   3522
2026-07-26 19:20:40,3167,0.1,0.1,7.2,   3524
2026-07-26 19:20:42,3167,0.1,0.1,7.2,   3526
2026-07-26 19:20:44,3167,0.1,0.1,7.2,   3528
2026-07-26 19:20:46,3167,0.1,0.1,7.2,   3530
2026-07-26 19:20:48,3167,0.1,0.1,7.2,   3532
2026-07-26 19:20:50,3167,0.1,0.1,7.2,   3534
2026-07-26 19:20:52,3167,0.1,0.1,7.2,   3536
2026-07-26 19:20:54,3167,0.1,0.1,7.2,   3538
2026-07-26 19:20:57,3167,0.1,0.1,7.2,   3541
2026-07-26 19:20:59,3167,0.1,0.1,7.2,   3543
2026-07-26 19:21:01,3167,0.1,0.1,7.2,   3545
2026-07-26 19:21:03,3167,0.1,0.1,7.2,   3547
2026-07-26 19:21:05,3167,0.1,0.1,7.2,   3549
2026-07-26 19:21:07,3167,0.1,0.1,7.2,   3551
2026-07-26 19:21:09,3167,0.1,0.1,7.2,   3553
2026-07-26 19:21:11,3167,0.1,0.1,7.2,   3555
2026-07-26 19:21:13,3167,0.1,0.1,7.2,   3557
2026-07-26 19:21:15,3167,0.1,0.1,7.2,   3559
2026-07-26 19:21:17,3167,0.1,0.1,7.2,   3561
2026-07-26 19:21:19,3167,0.1,0.1,7.2,   3563
2026-07-26 19:21:21,3167,0.1,0.1,7.2,   3565
2026-07-26 19:21:23,3167,0.1,0.1,7.2,   3567
2026-07-26 19:21:25,3167,0.1,0.1,7.2,   3569
2026-07-26 19:21:28,3167,0.1,0.1,7.2,   3572
2026-07-26 19:21:30,3167,0.1,0.1,7.2,   3574
2026-07-26 19:21:32,3167,0.1,0.1,7.2,   3576
2026-07-26 19:21:34,3167,0.1,0.1,7.2,   3578
2026-07-26 19:21:36,3167,0.1,0.1,7.2,   3580
2026-07-26 19:21:38,3167,0.1,0.1,7.2,   3582
2026-07-26 19:21:40,3167,0.1,0.1,7.2,   3584
2026-07-26 19:21:42,3167,0.1,0.1,7.2,   3586
2026-07-26 19:21:44,3167,0.1,0.1,7.2,   3588
2026-07-26 19:21:46,3167,0.1,0.1,7.2,   3590
2026-07-26 19:21:48,3167,0.1,0.1,7.2,   3592
2026-07-26 19:21:50,3167,0.1,0.1,7.2,   3594
2026-07-26 19:21:52,3167,0.1,0.1,7.2,   3596
2026-07-26 19:21:54,3167,0.1,0.1,7.2,   3598
2026-07-26 19:21:56,3167,0.1,0.1,7.2,   3600
2026-07-26 19:21:59,3167,0.1,0.1,7.2,   3603
2026-07-26 19:22:01,3167,0.1,0.1,7.2,   3605
2026-07-26 19:22:03,3167,0.1,0.1,7.2,   3607
2026-07-26 19:22:05,3167,0.1,0.1,7.2,   3609
2026-07-26 19:22:07,3167,0.1,0.1,7.2,   3611
2026-07-26 19:22:09,3167,0.1,0.1,7.2,   3613
2026-07-26 19:22:11,3167,0.1,0.1,7.2,   3615
2026-07-26 19:22:13,3167,0.1,0.1,7.2,   3617
2026-07-26 19:22:15,3167,0.1,0.1,7.2,   3619
2026-07-26 19:22:17,3167,0.1,0.1,7.2,   3621
2026-07-26 19:22:19,3167,0.1,0.1,7.2,   3623
2026-07-26 19:22:21,3167,0.1,0.1,7.2,   3625
2026-07-26 19:22:23,3167,0.1,0.1,7.2,   3627
2026-07-26 19:22:25,3167,0.1,0.1,7.2,   3629
2026-07-26 19:22:27,3167,0.1,0.1,7.2,   3631
2026-07-26 19:22:30,3167,0.1,0.1,7.2,   3633
2026-07-26 19:22:32,3167,0.1,0.1,7.2,   3636
2026-07-26 19:22:34,3167,0.1,0.1,7.2,   3638
2026-07-26 19:22:36,3167,0.1,0.1,7.2,   3640
2026-07-26 19:22:38,3167,0.1,0.1,7.2,   3642
2026-07-26 19:22:40,3167,0.1,0.1,7.2,   3644
2026-07-26 19:22:42,3167,0.1,0.1,7.2,   3646
2026-07-26 19:22:44,3167,0.1,0.1,7.2,   3648
2026-07-26 19:22:46,3167,0.1,0.1,7.2,   3650
2026-07-26 19:22:48,3167,0.1,0.1,7.2,   3652
2026-07-26 19:22:50,3167,0.1,0.1,7.2,   3654
2026-07-26 19:22:52,3167,0.1,0.1,7.2,   3656
2026-07-26 19:22:54,3167,0.1,0.1,7.2,   3658
2026-07-26 19:22:56,3167,0.1,0.1,7.2,   3660
2026-07-26 19:22:58,3167,0.1,0.1,7.2,   3662
2026-07-26 19:23:01,3167,0.1,0.1,7.2,   3665
2026-07-26 19:23:03,3167,0.1,0.1,7.2,   3667
2026-07-26 19:23:05,3167,0.1,0.1,7.2,   3669
2026-07-26 19:23:07,3167,0.1,0.1,7.2,   3671
2026-07-26 19:23:09,3167,0.1,0.1,7.2,   3673
2026-07-26 19:23:11,3167,0.1,0.1,7.2,   3675
2026-07-26 19:23:13,3167,0.1,0.1,7.2,   3677
2026-07-26 19:23:15,3167,0.1,0.1,7.2,   3679
2026-07-26 19:23:17,3167,0.1,0.1,7.2,   3681
2026-07-26 19:23:19,3167,0.1,0.1,7.2,   3683
2026-07-26 19:23:21,3167,0.1,0.1,7.2,   3685
2026-07-26 19:23:23,3167,0.1,0.1,7.2,   3687
2026-07-26 19:23:25,3167,0.1,0.1,7.2,   3689
2026-07-26 19:23:27,3167,0.1,0.1,7.2,   3691
2026-07-26 19:23:29,3167,0.1,0.1,7.2,   3693
2026-07-26 19:23:32,3167,0.1,0.1,7.2,   3696
2026-07-26 19:23:34,3167,0.1,0.1,7.2,   3698
2026-07-26 19:23:36,3167,0.1,0.1,7.2,   3700
2026-07-26 19:23:38,3167,0.1,0.1,7.2,   3702
2026-07-26 19:23:40,3167,0.1,0.1,7.2,   3704
2026-07-26 19:23:42,3167,0.1,0.1,7.2,   3706
2026-07-26 19:23:44,3167,0.1,0.1,7.2,   3708
2026-07-26 19:23:46,3167,0.1,0.1,7.2,   3710
2026-07-26 19:23:48,3167,0.1,0.1,7.2,   3712
2026-07-26 19:23:50,3167,0.1,0.1,7.2,   3714
2026-07-26 19:23:52,3167,0.1,0.1,7.2,   3716
2026-07-26 19:23:54,3167,0.1,0.1,7.2,   3718
2026-07-26 19:23:56,3167,0.1,0.1,7.2,   3720
2026-07-26 19:23:58,3167,0.1,0.1,7.2,   3722
2026-07-26 19:24:00,3167,0.1,0.1,7.2,   3724
2026-07-26 19:24:03,3167,0.1,0.1,7.2,   3726
2026-07-26 19:24:05,3167,0.1,0.1,7.2,   3729
2026-07-26 19:24:07,3167,0.1,0.1,7.2,   3731
2026-07-26 19:24:09,3167,0.1,0.1,7.2,   3733
2026-07-26 19:24:11,3167,0.1,0.1,7.2,   3735
2026-07-26 19:24:13,3167,0.1,0.1,7.2,   3737
2026-07-26 19:24:15,3167,0.1,0.1,7.2,   3739
2026-07-26 19:24:17,3167,0.1,0.1,7.2,   3741
2026-07-26 19:24:19,3167,0.1,0.1,7.2,   3743
2026-07-26 19:24:21,3167,0.1,0.1,7.2,   3745
2026-07-26 19:24:23,3167,0.1,0.1,7.2,   3747
2026-07-26 19:24:25,3167,0.1,0.1,7.2,   3749
2026-07-26 19:24:27,3167,0.1,0.1,7.2,   3751
2026-07-26 19:24:29,3167,0.1,0.1,7.2,   3753
2026-07-26 19:24:31,3167,0.1,0.1,7.2,   3755
2026-07-26 19:24:33,3167,0.1,0.1,7.2,   3757
2026-07-26 19:24:36,3167,0.1,0.1,7.2,   3759
2026-07-26 19:24:38,3167,0.1,0.1,7.2,   3762
2026-07-26 19:24:40,3167,0.1,0.1,7.2,   3764
2026-07-26 19:24:42,3167,0.1,0.1,7.2,   3766
2026-07-26 19:24:44,3167,0.1,0.1,7.2,   3768
2026-07-26 19:24:46,3167,0.1,0.1,7.2,   3770
2026-07-26 19:24:48,3167,0.1,0.1,7.2,   3772
2026-07-26 19:24:50,3167,0.1,0.1,7.2,   3774
2026-07-26 19:24:52,3167,0.1,0.1,7.2,   3776
2026-07-26 19:24:54,3167,0.1,0.1,7.2,   3778
2026-07-26 19:24:56,3167,0.1,0.1,7.2,   3780
2026-07-26 19:24:58,3167,0.1,0.1,7.2,   3782
2026-07-26 19:25:00,3167,0.1,0.1,7.2,   3784
2026-07-26 19:25:02,3167,0.1,0.1,7.2,   3786
2026-07-26 19:25:04,3167,0.1,0.1,7.2,   3788
2026-07-26 19:25:07,3167,0.1,0.1,7.2,   3790
2026-07-26 19:25:09,3167,0.1,0.1,7.2,   3793
2026-07-26 19:25:11,3167,0.1,0.1,7.2,   3795
2026-07-26 19:25:13,3167,0.1,0.1,7.2,   3797
2026-07-26 19:25:15,3167,0.1,0.1,7.2,   3799
2026-07-26 19:25:17,3167,0.1,0.1,7.2,   3801
2026-07-26 19:25:19,3167,0.1,0.1,7.2,   3803
2026-07-26 19:25:21,3167,0.1,0.1,7.2,   3805
2026-07-26 19:25:23,3167,0.1,0.1,7.2,   3807
2026-07-26 19:25:25,3167,0.1,0.1,7.2,   3809
2026-07-26 19:25:27,3167,0.1,0.1,7.2,   3811
2026-07-26 19:25:29,3167,0.1,0.1,7.2,   3813
2026-07-26 19:25:31,3167,0.1,0.1,7.2,   3815
2026-07-26 19:25:33,3167,0.1,0.1,7.2,   3817
2026-07-26 19:25:35,3167,0.1,0.1,7.2,   3819
