2026-01-28 18:31:17,1112857,5.3,0.0,10,7,    134
2026-01-28 18:31:20,1112857,5.3,0.0,10,8,    136
2026-01-28 18:31:22,1112857,5.2,0.0,10,8,    138
2026-01-28 18:31:24,1112857,5.2,0.0,10,9,    140
2026-01-28 18:31:26,1112857,5.3,0.0,11,0,    142
2026-01-28 18:31:28,1112857,5.2,0.0,11,0,    144
2026-01-28 18:31:30,1112857,5.2,0.0,11,0,    146
2026-01-28 18:31:32,1112857,5.3,0.0,11,2,    149
2026-01-28 18:31:34,1112857,5.2,0.0,11,2,    151
2026-01-28 18:31:36,1112857,5.2,0.0,11,2,    153
2026-01-28 18:31:38,1112857,5.3,0.0,11,4,    155
2026-01-28 18:31:40,1112857,5.3,0.0,11,4,    157
2026-01-28 18:31:43,1112857,5.2,0.0,11,4,    159
2026-01-28 18:31:45,1112857,5.1,0.0,11,4,    161
2026-01-28 18:31:47,1112857,5.1,0.0,11,4,    163
2026-01-28 18:31:49,1112857,5.0,0.0,11,4,    165
2026-01-28 18:31:51,1112857,5.1,0.0,11,5,    167
2026-01-28 18:31:53,1112857,5.1,0.0,11,5,    170
2026-01-28 18:31:55,1112857,5.0,0.0,11,5,    172
2026-01-28 18:31:57,1112857,5.1,0.0,11,5,    174
2026-01-28 18:31:59,1112857,5.1,0.0,11,5,    176
2026-01-28 18:33:04,1153472,17.6,0.0,6,5,      0
2026-01-28 18:33:06,1153472,12.4,0.0,7,1,      2
2026-01-28 18:33:08,1153472,6.4,0.0,7,1,      4
2026-01-28 18:33:10,1153472,4.3,0.0,7,1,      6
2026-01-28 18:33:13,1153472,6.7,0.0,7,3,      8
2026-01-28 18:33:15,1153472,5.3,0.0,7,3,     10
2026-01-28 18:33:17,1153472,4.5,0.0,7,3,     12
2026-01-28 18:33:19,1153472,5.7,0.0,7,6,     14
2026-01-28 18:33:21,1153472,5.0,0.0,7,6,     16
2026-01-28 18:33:23,1153472,4.4,0.0,7,6,     18
2026-01-28 18:33:25,1153472,5.3,0.0,7,8,     20
2026-01-28 18:33:27,1153472,4.9,0.0,7,8,     23
2026-01-28 18:33:29,1153472,4.5,0.0,7,8,     25
2026-01-28 18:33:31,1153472,5.0,0.0,8,0,     27
2026-01-28 18:33:33,1153472,4.8,0.0,8,0,     29
2026-01-28 18:33:35,1153472,4.5,0.0,8,0,     31
2026-01-28 18:33:37,1153472,4.8,0.0,8,2,     33
2026-01-28 18:33:40,1153472,4.8,0.0,8,2,     35
2026-01-28 18:33:42,1153472,4.5,0.0,8,2,     37
2026-01-28 18:33:44,1153472,4.6,0.0,8,4,     39
2026-01-28 18:33:46,1153472,4.7,0.0,8,4,     41
2026-01-28 18:33:48,1153472,4.4,0.0,8,4,     43
2026-01-28 18:33:50,1153472,4.5,0.0,8,5,     46
2026-01-28 18:33:52,1153472,4.7,0.0,8,6,     48
2026-01-28 18:33:54,1153472,4.5,0.0,8,6,     50
2026-01-28 18:33:56,1153472,4.4,0.0,8,7,     52
2026-01-28 18:33:58,1153472,4.6,0.0,8,8,     54
2026-01-28 18:34:00,1153472,4.5,0.0,8,8,     56
2026-01-28 18:34:03,1153472,4.3,0.0,8,9,     58
2026-01-28 18:34:05,1153472,4.6,0.0,9,0,     60
2026-01-28 18:34:07,1153472,4.4,0.0,9,0,     62
2026-01-28 18:34:09,1153472,4.3,0.0,9,0,     64
2026-01-28 18:34:11,1153472,4.6,0.0,9,3,     66
2026-01-28 18:34:13,1153472,4.5,0.0,9,3,     68
2026-01-28 18:34:15,1153472,4.3,0.0,9,3,     71
2026-01-28 18:34:17,1153472,4.2,0.0,10,1,     73
2026-01-28 18:34:19,1153472,4.1,0.0,10,1,     75
2026-01-28 18:34:21,1153472,4.2,0.0,10,2,     77
2026-01-28 18:34:23,1153472,4.2,0.0,10,3,     79
2026-01-28 18:34:25,1153472,4.1,0.0,10,3,     81
2026-01-28 18:34:27,1153472,4.2,0.0,10,4,     83
2026-01-28 18:34:30,1153472,4.3,0.0,10,5,     85
2026-01-28 18:34:32,1153472,4.1,0.0,10,5,     87
2026-01-28 18:34:34,1153472,4.1,0.0,10,6,     89
2026-01-28 18:34:36,1153472,4.3,0.0,10,7,     91
2026-01-28 18:34:38,1153472,4.2,0.0,10,7,     93
2026-01-28 18:34:40,1153472,4.1,0.0,10,8,     96
2026-01-28 18:34:42,1153472,4.3,0.0,10,9,     98
2026-01-28 18:34:44,1153472,4.2,0.0,10,9,    100
2026-01-28 18:34:46,1153472,4.1,0.0,10,9,    102
2026-01-28 18:34:48,1153472,4.3,0.0,11,1,    104
2026-01-28 18:34:50,1153472,4.2,0.0,11,1,    106
2026-01-28 18:34:52,1153472,4.1,0.0,11,1,    108
2026-01-28 18:34:55,1153472,4.3,0.0,11,3,    110
2026-01-28 18:34:57,1153472,4.2,0.0,11,3,    112
2026-01-28 18:34:59,1153472,4.1,0.0,11,3,    114
2026-01-28 18:35:01,1153472,4.3,0.0,11,5,    116
2026-01-28 18:35:03,1153472,4.3,0.0,11,5,    118
2026-01-28 18:35:05,1153472,4.2,0.0,11,5,    120
2026-01-28 18:35:07,1153472,4.3,0.0,11,7,    123
2026-01-28 18:35:09,1153472,4.3,0.0,11,7,    125
2026-01-28 18:35:11,1153472,4.3,0.0,11,7,    127
2026-01-28 18:35:13,1153472,4.3,0.0,11,9,    129
2026-01-28 18:35:15,1153472,4.4,0.0,12,0,    131
2026-01-28 18:35:17,1153472,4.3,0.0,12,0,    133
2026-01-28 18:35:20,1153472,4.2,0.0,12,0,    135
2026-01-28 18:35:22,1153472,4.4,0.0,12,2,    137
2026-01-28 18:35:24,1153472,4.3,0.0,12,2,    139
2026-01-28 18:35:26,1153472,4.3,0.0,12,2,    141
2026-01-28 18:35:28,1153472,4.4,0.0,12,4,    143
2026-01-28 18:35:30,1153472,4.4,0.0,12,4,    145
2026-01-28 18:35:32,1153472,4.3,0.0,12,4,    148
2026-01-28 18:35:34,1153472,4.3,0.0,12,4,    150
2026-01-28 18:35:36,1153472,4.2,0.0,12,4,    152
2026-01-28 18:35:38,1153472,4.2,0.0,12,4,    154
2026-01-28 18:35:40,1153472,4.3,0.0,12,4,    156
2026-01-28 18:35:42,1153472,4.2,0.0,12,4,    158
2026-01-28 18:35:45,1153472,4.2,0.0,12,4,    160
2026-01-28 18:35:47,1153472,4.3,0.0,12,4,    162
2026-01-28 18:35:49,1153472,4.3,0.0,12,4,    164
2026-01-28 18:35:51,1153472,4.2,0.0,12,4,    166
2026-01-28 18:35:53,1153472,4.4,0.0,12,4,    168
2026-01-28 18:35:55,1153472,4.3,0.0,12,4,    170
2026-01-28 18:35:57,1153472,4.3,0.0,12,4,    173
2026-01-28 18:35:59,1153472,4.3,0.0,12,4,    175
2026-01-28 18:36:01,1153472,4.3,0.0,12,4,    177
2026-01-28 18:36:03,1153472,4.3,0.0,12,4,    179
2026-01-28 18:36:05,1153472,4.3,0.0,12,5,    181
2026-01-28 18:36:07,1153472,4.4,0.0,12,4,    183
2026-01-28 18:36:10,1153472,4.3,0.0,12,4,    185
2026-01-28 18:36:12,1153472,4.3,0.0,12,5,    187
2026-01-28 18:36:14,1153472,4.4,0.0,12,4,    189
2026-01-28 18:36:16,1153472,4.3,0.0,12,4,    191
2026-01-28 18:36:18,1153472,4.3,0.0,12,4,    193
2026-01-28 18:36:20,1153472,4.4,0.0,12,4,    195
2026-01-28 18:36:22,1153472,4.4,0.0,12,4,    198
2026-01-28 18:36:24,1153472,4.3,0.0,12,4,    200
2026-01-28 18:36:26,1153472,4.4,0.0,12,5,    202
2026-01-28 18:36:28,1153472,4.4,0.0,12,4,    204
2026-01-28 18:36:30,1153472,4.4,0.0,12,4,    206
2026-01-28 18:36:32,1153472,4.4,0.0,12,5,    208
2026-01-28 18:36:35,1153472,4.4,0.0,12,5,    210
2026-01-28 18:36:37,1153472,4.4,0.0,12,5,    212
2026-01-28 18:36:39,1153472,4.4,0.0,12,5,    214
2026-01-28 18:36:41,1153472,4.4,0.0,12,5,    216
2026-01-28 18:36:43,1153472,4.4,0.0,12,5,    218
2026-01-28 18:36:45,1153472,4.4,0.0,12,5,    221
2026-01-28 18:36:47,1153472,4.5,0.0,12,5,    223
2026-01-28 18:36:49,1153472,4.4,0.0,12,5,    225
2026-01-28 18:36:51,1153472,4.4,0.0,12,5,    227
2026-01-28 18:36:53,1153472,4.3,0.0,12,5,    229
2026-01-28 18:36:55,1153472,4.3,0.0,12,5,    231
2026-01-28 18:36:58,1153472,4.4,0.0,12,6,    233
2026-01-28 18:37:00,1153472,4.4,0.0,12,6,    235
2026-01-28 18:37:02,1153472,4.3,0.0,12,6,    237
2026-01-28 18:37:04,1153472,4.3,0.0,12,6,    239
2026-01-28 18:37:06,1153472,4.4,0.0,12,6,    241
2026-01-28 18:37:08,1153472,4.3,0.0,12,6,    244
2026-01-28 18:37:10,1153472,4.3,0.0,12,6,    246
2026-01-28 18:37:12,1153472,4.4,0.0,12,6,    248
2026-01-28 18:37:14,1153472,4.4,0.0,12,6,    250
2026-01-28 18:37:16,1153472,4.3,0.0,12,6,    252
2026-01-28 18:37:18,1153472,4.4,0.0,12,6,    254
2026-01-28 18:37:21,1153472,4.4,0.0,12,6,    256
2026-01-28 18:37:23,1153472,4.3,0.0,12,6,    258
2026-01-28 18:37:25,1153472,4.4,0.0,12,6,    260
2026-01-28 18:37:27,1153472,4.4,0.0,12,6,    262
2026-01-28 18:37:29,1153472,4.4,0.0,12,6,    264
2026-01-28 18:37:31,1153472,4.4,0.0,12,6,    266
2026-01-28 18:37:33,1153472,4.4,0.0,12,6,    269
2026-01-28 18:37:35,1153472,4.4,0.0,12,6,    271
2026-01-28 18:37:37,1153472,4.4,0.0,12,6,    273
2026-01-28 18:37:39,1153472,4.4,0.0,12,6,    275
2026-01-28 18:37:41,1153472,4.4,0.0,12,6,    277
2026-01-28 18:37:43,1153472,4.4,0.0,12,6,    279
2026-01-28 18:37:46,1153472,4.4,0.0,12,6,    281
2026-01-28 18:37:48,1153472,4.4,0.0,12,6,    283
2026-01-28 18:37:50,1153472,4.4,0.0,12,6,    285
2026-01-28 18:37:52,1153472,4.5,0.0,12,6,    287
2026-01-28 18:37:54,1153472,4.4,0.0,12,6,    289
2026-01-28 18:37:56,1153472,4.4,0.0,12,6,    291
2026-01-28 18:37:58,1153472,4.5,0.0,12,6,    294
2026-01-28 18:38:00,1153472,4.4,0.0,12,6,    296
2026-01-28 18:38:02,1153472,4.4,0.0,12,6,    298
2026-01-28 18:38:04,1153472,4.5,0.0,12,6,    300
2026-01-28 18:38:06,1153472,4.5,0.0,12,6,    302
2026-01-28 18:38:08,1153472,4.4,0.0,12,6,    304
2026-01-28 18:38:10,1153472,4.4,0.0,12,6,    306
2026-01-28 18:38:13,1153472,4.4,0.0,12,6,    308
2026-01-28 18:38:15,1153472,4.3,0.0,12,6,    310
2026-01-28 18:38:17,1153472,4.4,0.0,12,6,    312
2026-01-28 18:38:19,1153472,4.4,0.0,12,6,    314
2026-01-28 18:38:21,1153472,4.3,0.0,12,6,    316
2026-01-28 18:38:23,1153472,4.4,0.0,12,6,    318
2026-01-28 18:38:25,1153472,4.4,0.0,12,6,    321
2026-01-28 18:38:27,1153472,4.4,0.0,12,6,    323
2026-01-28 18:38:29,1153472,4.4,0.0,12,6,    325
2026-01-28 18:38:31,1153472,4.4,0.0,12,6,    327
2026-01-28 18:38:33,1153472,4.4,0.0,12,6,    329
2026-01-28 18:38:35,1153472,4.4,0.0,12,6,    331
2026-01-28 18:38:38,1153472,4.4,0.0,12,6,    333
2026-01-28 18:38:40,1153472,4.4,0.0,12,6,    335
2026-01-28 18:38:42,1153472,4.4,0.0,12,6,    337
2026-01-28 18:38:44,1153472,4.4,0.0,12,6,    339
2026-01-28 18:38:46,1153472,4.4,0.0,12,6,    341
2026-01-28 18:38:48,1153472,4.4,0.0,12,6,    344
2026-01-28 18:38:50,1153472,4.4,0.0,12,6,    346
2026-01-28 18:38:52,1153472,4.4,0.0,12,6,    348
2026-01-28 18:38:54,1153472,4.4,0.0,12,6,    350
2026-01-28 18:38:56,1153472,4.4,0.0,12,7,    352
2026-01-28 18:38:58,1153472,4.4,0.0,12,6,    354
2026-01-28 18:39:00,1153472,4.4,0.0,12,6,    356
2026-01-28 18:39:03,1153472,4.4,0.0,12,7,    358
2026-01-28 18:39:05,1153472,4.4,0.0,12,6,    360
2026-01-28 18:39:07,1153472,4.4,0.0,12,6,    362
2026-01-28 18:39:09,1153472,4.4,0.0,12,7,    364
2026-01-28 18:39:11,1153472,4.4,0.0,12,6,    366
2026-01-28 18:39:13,1153472,4.4,0.0,12,6,    368
2026-01-28 18:39:15,1153472,4.4,0.0,12,7,    371
2026-01-28 18:39:17,1153472,4.4,0.0,12,6,    373
2026-01-28 18:39:19,1153472,4.4,0.0,12,6,    375
2026-01-28 18:39:21,1153472,4.4,0.0,12,7,    377
2026-01-28 18:39:23,1153472,4.4,0.0,12,6,    379
2026-01-28 18:39:25,1153472,4.4,0.0,12,6,    381
2026-01-28 18:39:28,1153472,4.4,0.0,12,6,    383
2026-01-28 18:39:30,1153472,4.4,0.0,12,6,    385
2026-01-28 18:39:32,1153472,4.3,0.0,12,6,    387
2026-01-28 18:39:34,1153472,4.4,0.0,12,6,    389
2026-01-28 18:39:36,1153472,4.4,0.0,12,6,    391
2026-01-28 18:39:38,1153472,4.3,0.0,12,6,    393
2026-01-28 18:39:40,1153472,4.4,0.0,12,7,    396
2026-01-28 18:39:42,1153472,4.3,0.0,12,6,    398
2026-01-28 18:39:44,1153472,4.3,0.0,12,6,    400
2026-01-28 18:39:46,1153472,4.4,0.0,12,7,    402
2026-01-28 18:39:48,1153472,4.3,0.0,12,6,    404
2026-01-28 18:39:50,1153472,4.3,0.0,12,6,    406
2026-01-28 18:39:52,1153472,4.3,0.0,12,7,    408
2026-01-28 18:39:55,1153472,4.3,0.0,12,6,    410
2026-01-28 18:39:57,1153472,4.3,0.0,12,6,    412
2026-01-28 18:39:59,1153472,4.3,0.0,12,7,    414
2026-01-28 18:40:01,1153472,4.3,0.0,12,7,    416
2026-01-28 18:40:03,1153472,4.3,0.0,12,7,    418
2026-01-28 18:40:05,1153472,4.3,0.0,12,7,    421
2026-01-28 18:40:07,1153472,4.3,0.0,12,7,    423
2026-01-28 18:40:09,1153472,4.3,0.0,12,7,    425
2026-01-28 18:40:11,1153472,4.3,0.0,12,7,    427
2026-01-28 18:40:13,1153472,4.3,0.0,12,7,    429
2026-01-28 18:40:15,1153472,4.3,0.0,12,7,    431
2026-01-28 18:40:18,1153472,4.3,0.0,12,7,    433
2026-01-28 18:40:20,1153472,4.3,0.0,12,7,    435
2026-01-28 18:40:22,1153472,4.3,0.0,12,7,    437
2026-01-28 18:40:24,1153472,4.3,0.0,12,7,    439
2026-01-28 18:40:26,1153472,4.3,0.0,12,7,    441
2026-01-28 18:40:28,1153472,4.3,0.0,12,7,    443
2026-01-28 18:40:30,1153472,4.3,0.0,12,7,    446
2026-01-28 18:40:32,1153472,4.3,0.0,12,7,    448
2026-01-28 18:40:34,1153472,4.3,0.0,12,7,    450
2026-01-28 18:40:36,1153472,4.3,0.0,12,7,    452
2026-01-28 18:40:38,1153472,4.3,0.0,12,7,    454
2026-01-28 18:40:40,1153472,4.3,0.0,12,7,    456
2026-01-28 18:40:43,1153472,4.3,0.0,12,7,    458
2026-01-28 18:40:45,1153472,4.3,0.0,12,7,    460
2026-01-28 18:40:47,1153472,4.2,0.0,12,7,    462
2026-01-28 18:40:49,1153472,4.3,0.0,12,7,    464
2026-01-28 18:40:51,1153472,4.3,0.0,12,7,    466
2026-01-28 18:40:53,1153472,4.2,0.0,12,7,    468
2026-01-28 18:40:55,1153472,4.3,0.0,12,7,    471
2026-01-28 18:40:57,1153472,4.3,0.0,12,7,    473
2026-01-28 18:40:59,1153472,4.2,0.0,12,7,    475
2026-01-28 18:41:01,1153472,4.3,0.0,12,7,    477
2026-01-28 18:41:03,1153472,4.3,0.0,12,7,    479
2026-01-28 18:41:05,1153472,4.2,0.0,12,7,    481
2026-01-28 18:41:08,1153472,4.2,0.0,12,7,    483
2026-01-28 18:41:10,1153472,4.3,0.0,12,7,    485
2026-01-28 18:41:12,1153472,4.2,0.0,12,7,    487
2026-01-28 18:41:14,1153472,4.2,0.0,12,7,    489
2026-01-28 18:41:16,1153472,4.3,0.0,12,7,    491
2026-01-28 18:41:18,1153472,4.2,0.0,12,7,    493
2026-01-28 18:41:20,1153472,4.2,0.0,12,7,    496
2026-01-28 18:41:22,1153472,4.3,0.0,12,7,    498
2026-01-28 18:41:24,1153472,4.2,0.0,12,7,    500
2026-01-28 18:41:26,1153472,4.2,0.0,12,7,    502
2026-01-28 18:41:28,1153472,4.3,0.0,12,7,    504
2026-01-28 18:41:30,1153472,4.2,0.0,12,7,    506
2026-01-28 18:41:55,1275529,15.4,0.0,7,2,      1
2026-01-28 18:41:57,1275529,6.7,0.0,7,2,      3
2026-01-28 18:41:59,1275529,4.3,0.0,7,2,      5
2026-01-28 18:42:01,1275529,6.2,0.0,7,4,      7
2026-01-28 18:42:03,1275529,4.9,0.0,7,4,      9
2026-01-28 18:42:05,1275529,4.0,0.0,7,4,     12
2026-01-28 18:42:07,1275529,5.2,0.0,7,6,     14
2026-01-28 18:42:09,1275529,4.5,0.0,7,6,     16
2026-01-28 18:42:11,1275529,4.0,0.0,7,6,     18
2026-01-28 18:42:13,1275529,4.9,0.0,7,9,     20
2026-01-28 18:42:15,1275529,4.5,0.0,7,8,     22
2026-01-28 18:42:18,1275529,4.1,0.0,7,8,     24
2026-01-28 18:42:20,1275529,4.6,0.0,8,1,     26
2026-01-28 18:42:22,1275529,4.4,0.0,8,1,     28
2026-01-28 18:42:24,1275529,4.1,0.0,8,1,     30
2026-01-28 18:42:26,1275529,4.4,0.0,8,3,     32
2026-01-28 18:42:28,1275529,4.3,0.0,8,3,     34
2026-01-28 18:42:30,1275529,4.0,0.0,8,3,     36
2026-01-28 18:42:32,1275529,4.3,0.0,8,4,     39
2026-01-28 18:42:34,1275529,4.2,0.0,8,5,     41
2026-01-28 18:42:36,1275529,4.0,0.0,8,5,     43
2026-01-28 18:42:38,1275529,4.2,0.0,8,6,     45
2026-01-28 18:42:40,1275529,4.2,0.0,8,7,     47
2026-01-28 18:42:43,1275529,4.0,0.0,8,7,     49
2026-01-28 18:42:45,1275529,4.1,0.0,8,8,     51
2026-01-28 18:42:47,1275529,4.2,0.0,8,9,     53
2026-01-28 18:42:49,1275529,4.0,0.0,8,9,     55
2026-01-28 18:42:51,1275529,4.0,0.0,9,0,     57
2026-01-28 18:42:53,1275529,4.1,0.0,9,1,     59
2026-01-28 18:42:55,1275529,4.0,0.0,9,1,     61
2026-01-28 18:42:57,1275529,4.0,0.0,9,2,     64
2026-01-28 18:42:59,1275529,4.2,0.0,9,3,     66
2026-01-28 18:43:01,1275529,4.1,0.0,9,3,     68
2026-01-28 18:43:03,1275529,4.0,0.0,9,3,     70
2026-01-28 18:43:05,1275529,3.9,0.0,10,1,     72
2026-01-28 18:43:07,1275529,3.8,0.0,10,1,     74
2026-01-28 18:43:10,1275529,4.0,0.0,10,2,     76
2026-01-28 18:43:12,1275529,3.9,0.0,10,2,     78
2026-01-28 18:43:14,1275529,3.8,0.0,10,2,     80
2026-01-28 18:43:16,1275529,3.9,0.0,10,4,     82
2026-01-28 18:43:18,1275529,4.0,0.0,10,4,     84
2026-01-28 18:43:20,1275529,3.9,0.0,10,4,     86
2026-01-28 18:43:22,1275529,3.9,0.0,10,5,     89
2026-01-28 18:43:24,1275529,4.0,0.0,10,6,     91
2026-01-28 18:43:26,1275529,3.9,0.0,10,6,     93
2026-01-28 18:43:28,1275529,3.9,0.0,10,8,     95
2026-01-28 18:43:30,1275529,4.0,0.0,10,8,     97
2026-01-28 18:43:32,1275529,3.9,0.0,10,8,     99
2026-01-28 18:43:35,1275529,3.9,0.0,10,9,    101
2026-01-28 18:43:37,1275529,4.0,0.0,11,0,    103
2026-01-28 18:43:39,1275529,3.9,0.0,11,0,    105
2026-01-28 18:43:41,1275529,3.9,0.0,11,1,    107
2026-01-28 18:43:43,1275529,4.0,0.0,11,3,    109
2026-01-28 18:43:45,1275529,3.9,0.0,11,3,    111
2026-01-28 18:43:47,1275529,3.9,0.0,11,3,    114
2026-01-28 18:43:49,1275529,4.1,0.0,11,4,    116
2026-01-28 18:43:52,1275529,4.2,0.0,11,5,    118
2026-01-28 18:43:54,1275529,4.1,0.0,11,5,    120
2026-01-28 18:43:56,1275529,4.1,0.0,11,5,    122
2026-01-28 18:43:58,1275529,4.4,0.0,11,6,    125
2026-01-28 18:44:00,1275529,4.4,0.0,11,6,    127
2026-01-28 18:44:02,1275529,4.3,0.0,11,6,    129
2026-01-28 18:44:04,1275529,4.3,0.0,11,7,    131
2026-01-28 18:44:07,1275529,4.5,0.0,11,9,    133
2026-01-28 18:44:09,1275529,4.5,0.0,11,9,    135
2026-01-28 18:44:11,1275529,4.4,0.0,11,9,    137
2026-01-28 18:44:13,1275529,4.5,0.0,12,0,    139
2026-01-28 18:44:15,1275529,4.6,0.0,12,1,    142
2026-01-28 18:44:17,1275529,4.6,0.0,12,1,    144
2026-01-28 18:44:19,1275529,4.5,0.0,12,1,    146
2026-01-28 18:44:21,1275529,4.7,0.0,12,2,    148
2026-01-28 18:44:24,1275529,4.8,0.0,12,3,    150
2026-01-28 18:44:26,1275529,4.7,0.0,12,3,    152
2026-01-28 18:44:28,1275529,4.6,0.0,12,3,    154
2026-01-28 18:44:30,1275529,4.6,0.0,12,3,    156
2026-01-28 18:44:32,1275529,4.5,0.0,12,3,    158
2026-01-28 18:44:34,1275529,4.6,0.0,12,3,    161
2026-01-28 18:44:37,1275529,4.8,0.0,12,4,    163
2026-01-28 18:44:39,1275529,4.8,0.0,12,3,    165
2026-01-28 18:44:41,1275529,4.8,0.0,12,3,    167
2026-01-28 18:44:43,1275529,4.7,0.0,12,4,    170
2026-01-28 18:44:45,1275529,4.9,0.0,12,4,    172
2026-01-28 18:44:48,1275529,4.9,0.0,12,3,    174
2026-01-28 18:44:50,1275529,4.9,0.0,12,3,    176
2026-01-28 18:44:52,1275529,4.8,0.0,12,3,    178
2026-01-28 18:44:54,1275529,5.0,0.0,12,4,    180
2026-01-28 18:44:56,1275529,5.0,0.0,12,3,    183
2026-01-28 18:44:58,1275529,5.0,0.0,12,3,    185
2026-01-28 18:45:00,1275529,4.9,0.0,12,4,    187
2026-01-28 18:45:02,1275529,5.1,0.0,12,4,    189
2026-01-28 18:45:05,1275529,5.1,0.0,12,3,    191
2026-01-28 18:45:07,1275529,5.0,0.0,12,3,    193
2026-01-28 18:45:09,1275529,5.0,0.0,12,4,    195
2026-01-28 18:45:11,1275529,5.2,0.0,12,4,    198
2026-01-28 18:45:13,1275529,5.2,0.0,12,3,    200
2026-01-28 18:45:15,1275529,5.1,0.0,12,3,    202
2026-01-28 18:45:18,1275529,5.1,0.0,12,4,    204
2026-01-28 18:45:20,1275529,5.3,0.0,12,4,    206
2026-01-28 18:45:22,1275529,5.2,0.0,12,4,    208
2026-01-28 18:45:24,1275529,5.2,0.0,12,4,    210
2026-01-28 18:45:26,1275529,5.2,0.0,12,4,    213
2026-01-28 18:45:28,1275529,5.3,0.0,12,4,    215
2026-01-28 18:45:30,1275529,5.3,0.0,12,4,    217
2026-01-28 18:45:33,1275529,5.2,0.0,12,4,    219
2026-01-28 18:45:35,1275529,5.3,0.0,12,4,    221
2026-01-28 18:45:37,1275529,5.3,0.0,12,4,    223
2026-01-28 18:45:39,1275529,5.3,0.0,12,4,    225
2026-01-28 18:45:41,1275529,5.2,0.0,12,4,    228
2026-01-28 18:45:43,1275529,5.4,0.0,12,4,    230
2026-01-28 18:45:46,1275529,5.4,0.0,12,4,    232
2026-01-28 18:45:48,1275529,5.4,0.0,12,4,    234
2026-01-28 18:45:50,1275529,5.3,0.0,12,4,    236
2026-01-28 18:45:52,1275529,5.4,0.0,12,4,    238
2026-01-28 18:45:54,1275529,5.5,0.0,12,4,    241
2026-01-28 18:45:56,1275529,5.5,0.0,12,4,    243
2026-01-28 18:45:59,1275529,5.4,0.0,12,4,    245
2026-01-28 18:46:01,1275529,5.4,0.0,12,4,    247
2026-01-28 18:46:03,1275529,5.4,0.0,12,4,    249
2026-01-28 18:46:05,1275529,5.4,0.0,12,4,    251
2026-01-28 18:46:07,1275529,5.4,0.0,12,4,    253
2026-01-28 18:46:09,1275529,5.3,0.0,12,4,    255
2026-01-28 18:46:11,1275529,5.3,0.0,12,4,    257
2026-01-28 18:46:13,1275529,5.3,0.0,12,5,    260
2026-01-28 18:46:15,1275529,5.3,0.0,12,5,    262
2026-01-28 18:46:17,1275529,5.3,0.0,12,5,    264
2026-01-28 18:46:19,1275529,5.3,0.0,12,5,    266
2026-01-28 18:46:21,1275529,5.3,0.0,12,5,    268
2026-01-28 18:46:23,1275529,5.2,0.0,12,5,    270
2026-01-28 18:46:26,1275529,5.3,0.0,12,5,    272
2026-01-28 18:46:28,1275529,5.2,0.0,12,5,    274
2026-01-28 18:46:30,1275529,5.2,0.0,12,5,    276
2026-01-28 18:46:32,1275529,5.2,0.0,12,5,    278
2026-01-28 18:46:34,1275529,5.2,0.0,12,5,    280
2026-01-28 18:46:36,1275529,5.2,0.0,12,5,    282
2026-01-28 18:46:38,1275529,5.2,0.0,12,5,    284
2026-01-28 18:46:40,1275529,5.2,0.0,12,5,    287
2026-01-28 18:46:42,1275529,5.2,0.0,12,5,    289
2026-01-28 18:46:44,1275529,5.2,0.0,12,5,    291
2026-01-28 18:46:46,1275529,5.2,0.0,12,5,    293
2026-01-28 18:46:48,1275529,5.2,0.0,12,5,    295
2026-01-28 18:46:51,1275529,5.1,0.0,12,5,    297
2026-01-28 18:46:53,1275529,5.2,0.0,12,5,    299
2026-01-28 18:46:55,1275529,5.1,0.0,12,5,    301
2026-01-28 18:46:57,1275529,5.1,0.0,12,5,    303
2026-01-28 18:46:59,1275529,5.2,0.0,12,5,    305
2026-01-28 18:47:01,1275529,5.1,0.0,12,5,    307
2026-01-28 18:47:03,1275529,5.1,0.0,12,5,    309
2026-01-28 18:47:05,1275529,5.1,0.0,12,5,    312
2026-01-28 18:47:07,1275529,5.1,0.0,12,5,    314
2026-01-28 18:47:09,1275529,5.1,0.0,12,5,    316
2026-01-28 18:47:11,1275529,5.1,0.0,12,5,    318
2026-01-28 18:47:13,1275529,5.1,0.0,12,5,    320
2026-01-28 18:47:15,1275529,5.0,0.0,12,5,    322
2026-01-28 18:47:18,1275529,5.1,0.0,12,5,    324
2026-01-28 18:47:20,1275529,5.1,0.0,12,5,    326
2026-01-28 18:47:22,1275529,5.0,0.0,12,5,    328
2026-01-28 18:47:24,1275529,5.0,0.0,12,5,    330
2026-01-28 18:47:26,1275529,5.0,0.0,12,5,    332
2026-01-28 18:47:28,1275529,5.0,0.0,12,6,    334
2026-01-28 18:47:30,1275529,5.0,0.0,12,6,    336
2026-01-28 18:47:32,1275529,4.9,0.0,12,6,    338
2026-01-28 18:47:34,1275529,4.9,0.0,12,6,    340
2026-01-28 18:47:36,1275529,5.0,0.0,12,6,    343
2026-01-28 18:47:38,1275529,4.9,0.0,12,6,    345
2026-01-28 18:47:40,1275529,4.9,0.0,12,6,    347
2026-01-28 18:47:42,1275529,4.9,0.0,12,6,    349
2026-01-28 18:47:44,1275529,4.9,0.0,12,6,    351
2026-01-28 18:47:47,1275529,4.9,0.0,12,6,    353
2026-01-28 18:47:49,1275529,4.9,0.0,12,6,    355
2026-01-28 18:47:51,1275529,4.9,0.0,12,6,    357
2026-01-28 18:47:53,1275529,4.9,0.0,12,6,    359
2026-01-28 18:47:55,1275529,4.9,0.0,12,6,    361
2026-01-28 18:47:57,1275529,5.0,0.0,12,6,    363
2026-01-28 18:47:59,1275529,4.9,0.0,12,6,    365
2026-01-28 18:48:01,1275529,4.9,0.0,12,6,    368
2026-01-28 18:48:03,1275529,5.0,0.0,12,6,    370
2026-01-28 18:48:05,1275529,5.0,0.0,12,6,    372
2026-01-28 18:48:08,1275529,5.0,0.0,12,6,    374
2026-01-28 18:48:10,1275529,5.0,0.0,12,6,    376
2026-01-28 18:48:12,1275529,5.0,0.0,12,6,    378
2026-01-28 18:48:14,1275529,5.0,0.0,12,6,    380
2026-01-28 18:48:16,1275529,5.0,0.0,12,6,    383
2026-01-28 18:48:18,1275529,5.0,0.0,12,6,    385
2026-01-28 18:48:20,1275529,5.1,0.0,12,6,    387
2026-01-28 18:48:23,1275529,5.0,0.0,12,6,    389
2026-01-28 18:48:25,1275529,5.0,0.0,12,6,    391
2026-01-28 18:48:27,1275529,5.1,0.0,12,6,    393
2026-01-28 18:48:29,1275529,5.1,0.0,12,6,    395
2026-01-28 18:48:31,1275529,5.0,0.0,12,6,    397
2026-01-28 18:48:33,1275529,5.0,0.0,12,7,    400
2026-01-28 18:48:35,1275529,5.1,0.0,12,6,    402
2026-01-28 18:48:37,1275529,5.1,0.0,12,6,    404
2026-01-28 18:48:39,1275529,5.1,0.0,12,6,    406
2026-01-28 18:48:42,1275529,5.1,0.0,12,6,    408
2026-01-28 18:48:44,1275529,5.1,0.0,12,6,    410
2026-01-28 18:48:46,1275529,5.1,0.0,12,6,    412
2026-01-28 18:48:48,1275529,5.1,0.0,12,6,    414
2026-01-28 18:48:50,1275529,5.1,0.0,12,6,    416
2026-01-28 18:48:52,1275529,5.0,0.0,12,6,    418
2026-01-28 18:48:54,1275529,5.0,0.0,12,7,    421
2026-01-28 18:48:56,1275529,5.1,0.0,12,7,    423
2026-01-28 18:48:58,1275529,5.1,0.0,12,7,    425
2026-01-28 18:49:01,1275529,5.0,0.0,12,7,    427
2026-01-28 18:49:03,1275529,5.1,0.0,12,7,    429
2026-01-28 18:49:05,1275529,5.1,0.0,12,7,    431
2026-01-28 18:49:07,1275529,5.1,0.0,12,7,    433
2026-01-28 18:49:09,1275529,5.1,0.0,12,7,    435
2026-01-28 18:49:11,1275529,5.1,0.0,12,7,    438
2026-01-28 18:49:13,1275529,5.1,0.0,12,7,    440
2026-01-28 18:49:15,1275529,5.1,0.0,12,7,    442
2026-01-28 18:49:17,1275529,5.1,0.0,12,7,    444
2026-01-28 18:49:20,1275529,5.2,0.0,12,7,    446
2026-01-28 18:49:22,1275529,5.1,0.0,12,7,    448
2026-01-28 18:49:24,1275529,5.1,0.0,12,7,    450
2026-01-28 18:49:26,1275529,5.1,0.0,12,7,    452
2026-01-28 18:49:28,1275529,5.2,0.0,12,7,    454
2026-01-28 18:49:30,1275529,5.1,0.0,12,7,    457
2026-01-28 18:49:32,1275529,5.1,0.0,12,7,    459
2026-01-28 18:49:34,1275529,5.2,0.0,12,7,    461
2026-01-28 18:49:36,1275529,5.2,0.0,12,7,    463
2026-01-28 18:49:39,1275529,5.2,0.0,12,7,    465
2026-01-28 18:49:41,1275529,5.2,0.0,12,7,    467
2026-01-28 18:49:43,1275529,5.2,0.0,12,7,    469
2026-01-28 18:49:45,1275529,5.2,0.0,12,7,    471
2026-01-28 18:49:47,1275529,5.2,0.0,12,7,    473
2026-01-28 18:49:49,1275529,5.2,0.0,12,7,    475
2026-01-28 18:49:51,1275529,5.2,0.0,12,7,    478
2026-01-28 18:49:53,1275529,5.1,0.0,12,7,    480
2026-01-28 18:49:55,1275529,5.2,0.0,12,7,    482
2026-01-28 18:49:57,1275529,5.2,0.0,12,7,    484
2026-01-28 18:49:59,1275529,5.1,0.0,12,7,    486
2026-01-28 18:50:02,1275529,5.2,0.0,12,8,    488
2026-01-28 18:50:04,1275529,5.1,0.0,12,7,    490
2026-01-28 18:50:06,1275529,5.1,0.0,12,7,    492
2026-01-28 18:50:08,1275529,5.1,0.0,12,8,    494
2026-01-28 18:50:10,1275529,5.1,0.0,12,7,    496
2026-01-28 18:50:12,1275529,5.1,0.0,12,7,    498
2026-01-28 18:50:14,1275529,5.1,0.0,12,7,    500
2026-01-28 18:50:16,1275529,5.1,0.0,12,7,    502
2026-01-28 18:50:18,1275529,5.0,0.0,12,7,    505
2026-01-28 18:50:20,1275529,5.1,0.0,12,7,    507
2026-01-28 18:50:22,1275529,5.1,0.0,12,7,    509
2026-01-28 18:50:24,1275529,5.0,0.0,12,7,    511
2026-01-28 18:50:26,1275529,5.1,0.0,12,7,    513
2026-01-28 18:50:28,1275529,5.0,0.0,12,7,    515
2026-01-28 18:50:31,1275529,5.0,0.0,12,7,    517
2026-01-28 18:50:33,1275529,5.0,0.0,12,7,    519
2026-01-28 18:50:35,1275529,5.0,0.0,12,7,    521
2026-01-28 18:50:37,1275529,5.0,0.0,12,7,    523
2026-01-28 18:50:39,1275529,5.0,0.0,12,7,    525
2026-01-28 18:50:41,1275529,5.0,0.0,12,7,    527
2026-01-28 18:50:43,1275529,5.0,0.0,12,7,    529
2026-01-28 18:50:45,1275529,5.0,0.0,12,8,    531
2026-01-28 18:50:47,1275529,5.0,0.0,12,7,    534
2026-01-28 18:50:49,1275529,5.0,0.0,12,7,    536
2026-01-28 18:50:51,1275529,5.0,0.0,12,8,    538
2026-01-28 18:50:53,1275529,5.0,0.0,12,7,    540
2026-01-28 18:50:55,1275529,5.0,0.0,12,7,    542
2026-01-28 18:50:58,1275529,5.0,0.0,12,8,    544
2026-01-28 18:51:00,1275529,5.0,0.0,12,7,    546
2026-01-28 18:51:02,1275529,5.0,0.0,12,7,    548
2026-01-28 18:51:04,1275529,5.0,0.0,12,8,    550
2026-01-28 18:51:06,1275529,5.0,0.0,12,7,    552
2026-01-28 18:51:08,1275529,5.0,0.0,12,7,    554
2026-01-28 18:51:10,1275529,5.0,0.0,12,8,    556
2026-01-28 18:51:12,1275529,5.0,0.0,12,7,    558
2026-01-28 18:51:14,1275529,4.9,0.0,12,7,    561
2026-01-28 18:51:16,1275529,4.9,0.0,12,8,    563
2026-01-28 18:51:18,1275529,4.9,0.0,12,8,    565
2026-01-28 18:51:20,1275529,4.9,0.0,12,8,    567
2026-01-28 18:51:22,1275529,4.9,0.0,12,8,    569
2026-01-28 18:51:25,1275529,4.9,0.0,12,8,    571
2026-01-28 18:51:27,1275529,4.9,0.0,12,8,    573
2026-01-28 18:51:29,1275529,4.9,0.0,12,8,    575
2026-01-28 18:51:31,1275529,4.9,0.0,12,8,    577
2026-01-28 18:51:33,1275529,4.9,0.0,12,8,    579
2026-01-28 18:51:35,1275529,4.9,0.0,12,8,    581
2026-01-28 18:51:37,1275529,4.9,0.0,12,8,    583
2026-01-28 18:51:39,1275529,4.9,0.0,12,8,    585
2026-01-28 18:51:41,1275529,4.9,0.0,12,8,    587
2026-01-28 18:51:43,1275529,4.9,0.0,12,8,    590
2026-01-28 18:51:45,1275529,4.8,0.0,12,8,    592
2026-01-28 18:51:47,1275529,4.9,0.0,12,8,    594
2026-01-28 18:51:49,1275529,4.9,0.0,12,8,    596
2026-01-28 18:51:51,1275529,4.8,0.0,12,8,    598
2026-01-28 18:51:54,1275529,4.9,0.0,12,8,    600
2026-01-28 18:51:56,1275529,4.8,0.0,12,8,    602
2026-01-28 18:51:58,1275529,4.8,0.0,12,8,    604
2026-01-28 18:52:00,1275529,4.9,0.0,12,8,    606
2026-01-28 18:52:02,1275529,4.8,0.0,12,8,    608
2026-01-28 18:52:04,1275529,4.8,0.0,12,8,    610
2026-01-28 18:52:06,1275529,4.8,0.0,12,8,    612
2026-01-28 18:52:08,1275529,4.8,0.0,12,8,    614
2026-01-28 18:52:10,1275529,4.8,0.0,12,8,    617
2026-01-28 18:52:12,1275529,4.8,0.0,12,8,    619
2026-01-28 18:52:14,1275529,4.8,0.0,12,8,    621
2026-01-28 18:52:16,1275529,4.8,0.0,12,8,    623
2026-01-28 18:52:18,1275529,4.8,0.0,12,8,    625
2026-01-28 18:52:20,1275529,4.8,0.0,12,8,    627
2026-01-28 18:52:23,1275529,4.8,0.0,12,8,    629
2026-01-28 18:52:25,1275529,4.8,0.0,12,8,    631
2026-01-28 18:52:27,1275529,4.8,0.0,12,8,    633
2026-01-28 18:52:29,1275529,4.8,0.0,12,8,    635
2026-01-28 18:52:31,1275529,4.8,0.0,12,8,    637
2026-01-28 18:52:33,1275529,4.8,0.0,12,8,    639
2026-01-28 18:52:35,1275529,4.8,0.0,12,8,    641
2026-01-28 18:52:37,1275529,4.8,0.0,12,8,    644
2026-01-28 18:52:39,1275529,4.8,0.0,12,8,    646
2026-01-28 18:52:41,1275529,4.8,0.0,12,8,    648
2026-01-28 18:52:43,1275529,4.8,0.0,12,8,    650
2026-01-28 18:52:45,1275529,4.7,0.0,12,8,    652
2026-01-28 18:52:47,1275529,4.7,0.0,12,8,    654
2026-01-28 18:52:50,1275529,4.7,0.0,12,8,    656
2026-01-28 18:52:52,1275529,4.7,0.0,12,8,    658
2026-01-28 18:52:54,1275529,4.7,0.0,12,8,    660
2026-01-28 18:52:56,1275529,4.7,0.0,12,8,    662
2026-01-28 18:52:58,1275529,4.7,0.0,12,8,    664
2026-01-28 18:53:00,1275529,4.7,0.0,12,8,    666
2026-01-28 18:53:02,1275529,4.7,0.0,12,8,    668
2026-01-28 18:53:04,1275529,4.7,0.0,12,8,    670
2026-01-28 18:53:06,1275529,4.7,0.0,12,8,    672
2026-01-28 18:53:08,1275529,4.7,0.0,12,8,    675
2026-01-28 18:53:10,1275529,4.7,0.0,12,8,    677
2026-01-28 18:53:12,1275529,4.7,0.0,12,8,    679
2026-01-28 18:53:14,1275529,4.7,0.0,12,8,    681
2026-01-28 18:53:16,1275529,4.7,0.0,12,8,    683
2026-01-28 18:53:19,1275529,4.7,0.0,12,8,    685
2026-01-28 18:53:21,1275529,4.7,0.0,12,8,    687
2026-01-28 18:53:23,1275529,4.7,0.0,12,8,    689
2026-01-28 18:53:25,1275529,4.7,0.0,12,8,    691
2026-01-28 18:53:27,1275529,4.7,0.0,12,8,    693
2026-01-28 18:53:29,1275529,4.7,0.0,12,8,    695
2026-01-28 18:53:31,1275529,4.7,0.0,12,8,    697
2026-01-28 18:53:33,1275529,4.7,0.0,12,8,    700
2026-01-28 18:53:35,1275529,4.7,0.0,12,8,    702
2026-01-28 18:53:37,1275529,4.7,0.0,12,8,    704
2026-01-28 18:53:39,1275529,4.7,0.0,12,8,    706
2026-01-28 18:53:41,1275529,4.7,0.0,12,8,    708
2026-01-28 18:53:43,1275529,4.7,0.0,12,8,    710
2026-01-28 18:53:46,1275529,4.7,0.0,12,8,    712
2026-01-28 18:53:48,1275529,4.7,0.0,12,8,    714
2026-01-28 18:53:50,1275529,4.7,0.0,12,8,    716
2026-01-28 18:53:52,1275529,4.7,0.0,12,8,    718
2026-01-28 18:53:54,1275529,4.7,0.0,12,8,    720
2026-01-28 18:53:56,1275529,4.7,0.0,12,8,    722
2026-01-28 18:53:58,1275529,4.7,0.0,12,8,    725
2026-01-28 18:54:00,1275529,4.7,0.0,12,8,    727
2026-01-28 18:54:02,1275529,4.6,0.0,12,8,    729
2026-01-28 18:54:04,1275529,4.7,0.0,12,8,    731
2026-01-28 18:54:06,1275529,4.6,0.0,12,8,    733
2026-01-28 18:54:09,1275529,4.6,0.0,12,8,    735
2026-01-28 18:54:11,1275529,4.6,0.0,12,8,    737
2026-01-28 18:54:13,1275529,4.6,0.0,12,8,    739
2026-01-28 18:54:15,1275529,4.6,0.0,12,8,    741
2026-01-28 18:54:17,1275529,4.6,0.0,12,8,    743
2026-01-28 18:54:19,1275529,4.6,0.0,12,8,    745
2026-01-28 18:54:21,1275529,4.6,0.0,12,8,    747
2026-01-28 18:54:23,1275529,4.6,0.0,12,8,    749
2026-01-28 18:54:25,1275529,4.6,0.0,12,8,    752
2026-01-28 18:54:27,1275529,4.6,0.0,12,8,    754
2026-01-28 18:54:29,1275529,4.6,0.0,12,8,    756
2026-01-28 18:54:31,1275529,4.6,0.0,12,8,    758
2026-01-28 18:54:33,1275529,4.6,0.0,12,8,    760
2026-01-28 18:54:36,1275529,4.6,0.0,12,8,    762
2026-01-28 18:54:38,1275529,4.6,0.0,12,8,    764
2026-01-28 18:54:40,1275529,4.6,0.0,12,8,    766
2026-01-28 18:54:42,1275529,4.6,0.0,12,8,    768
2026-01-28 18:54:44,1275529,4.6,0.0,12,8,    770
2026-01-28 18:54:46,1275529,4.6,0.0,12,8,    772
2026-01-28 18:54:48,1275529,4.6,0.0,12,8,    774
2026-01-28 18:54:50,1275529,4.6,0.0,12,8,    776
2026-01-28 18:54:52,1275529,4.6,0.0,12,8,    778
2026-01-28 18:54:54,1275529,4.6,0.0,12,8,    781
2026-01-28 18:54:56,1275529,4.6,0.0,12,8,    783
2026-01-28 18:54:58,1275529,4.6,0.0,12,8,    785
2026-01-28 18:55:00,1275529,4.6,0.0,12,8,    787
2026-01-28 18:55:02,1275529,4.6,0.0,12,8,    789
2026-01-28 18:55:05,1275529,4.6,0.0,12,8,    791
2026-01-28 18:55:07,1275529,4.6,0.0,12,8,    793
2026-01-28 18:55:09,1275529,4.6,0.0,12,8,    795
2026-01-28 18:55:11,1275529,4.6,0.0,12,8,    797
2026-01-28 18:55:13,1275529,4.6,0.0,12,8,    799
2026-01-28 18:55:15,1275529,4.6,0.0,12,8,    801
2026-01-28 18:55:17,1275529,4.6,0.0,12,8,    803
2026-01-28 18:55:19,1275529,4.6,0.0,12,8,    805
2026-01-28 18:55:21,1275529,4.6,0.0,12,8,    808
2026-01-28 18:55:23,1275529,4.6,0.0,12,8,    810
2026-01-28 18:55:25,1275529,4.5,0.0,12,8,    812
2026-01-28 18:55:27,1275529,4.6,0.0,12,8,    814
2026-01-28 18:55:29,1275529,4.6,0.0,12,8,    816
2026-01-28 18:55:32,1275529,4.6,0.0,12,8,    818
2026-01-28 18:55:34,1275529,4.6,0.0,12,8,    820
2026-01-28 18:55:36,1275529,4.6,0.0,12,8,    822
2026-01-28 18:55:38,1275529,4.5,0.0,12,8,    824
2026-01-28 18:55:40,1275529,4.6,0.0,12,9,    826
2026-01-28 18:55:42,1275529,4.6,0.0,12,8,    828
2026-01-28 18:55:44,1275529,4.5,0.0,12,8,    830
2026-01-28 18:55:46,1275529,4.6,0.0,12,9,    833
2026-01-28 18:55:48,1275529,4.6,0.0,12,8,    835
2026-01-28 18:55:50,1275529,4.5,0.0,12,8,    837
2026-01-28 18:55:52,1275529,4.6,0.0,12,9,    839
2026-01-28 18:55:55,1275529,4.6,0.0,12,8,    841
2026-01-28 18:55:57,1275529,4.5,0.0,12,8,    843
2026-01-28 18:55:59,1275529,4.5,0.0,12,9,    845
2026-01-28 18:56:01,1275529,4.6,0.0,12,8,    847
2026-01-28 18:56:03,1275529,4.5,0.0,12,8,    849
2026-01-28 18:56:05,1275529,4.5,0.0,12,9,    851
2026-01-28 18:56:07,1275529,4.6,0.0,12,8,    854
2026-01-28 18:56:09,1275529,4.6,0.0,12,8,    856
2026-01-28 18:56:11,1275529,4.5,0.0,12,8,    858
2026-01-28 18:56:13,1275529,4.6,0.0,12,8,    860
2026-01-28 18:56:15,1275529,4.5,0.0,12,8,    862
2026-01-28 18:56:18,1275529,4.5,0.0,12,8,    864
2026-01-28 18:56:20,1275529,4.6,0.0,12,8,    866
2026-01-28 18:56:22,1275529,4.5,0.0,12,8,    868
2026-01-28 18:56:36,1477230,16.7,0.0,7,2,      1
2026-01-28 18:56:38,1477230,6.8,0.0,7,2,      3
2026-01-28 18:56:40,1477230,4.3,0.0,7,2,      5
2026-01-28 18:56:42,1477230,6.2,0.0,7,4,      7
2026-01-28 18:56:44,1477230,4.9,0.0,7,4,      9
2026-01-28 18:56:46,1477230,4.0,0.0,7,4,     11
2026-01-28 18:56:48,1477230,5.2,0.0,7,6,     13
2026-01-28 18:56:50,1477230,4.5,0.0,7,6,     15
2026-01-28 18:56:52,1477230,4.0,0.0,7,6,     18
2026-01-28 18:56:54,1477230,4.7,0.0,7,8,     20
2026-01-28 18:56:57,1477230,4.3,0.0,7,8,     22
2026-01-28 18:56:59,1477230,3.9,0.0,7,8,     24
2026-01-28 18:57:01,1477230,4.5,0.0,8,0,     26
2026-01-28 18:57:03,1477230,4.3,0.0,8,0,     28
2026-01-28 18:57:05,1477230,4.0,0.0,8,0,     30
2026-01-28 18:57:07,1477230,4.3,0.0,8,2,     32
2026-01-28 18:57:09,1477230,4.2,0.0,8,2,     34
2026-01-28 18:57:11,1477230,3.9,0.0,8,2,     36
2026-01-28 18:57:13,1477230,4.2,0.0,8,4,     38
2026-01-28 18:57:15,1477230,4.1,0.0,8,4,     40
2026-01-28 18:57:17,1477230,3.9,0.0,8,4,     42
2026-01-28 18:57:19,1477230,4.1,0.0,8,6,     44
2026-01-28 18:57:21,1477230,4.1,0.0,8,6,     47
2026-01-28 18:57:24,1477230,3.9,0.0,8,6,     49
2026-01-28 18:57:26,1477230,4.1,0.0,8,8,     51
2026-01-28 18:57:28,1477230,4.1,0.0,8,8,     53
2026-01-28 18:57:30,1477230,3.9,0.0,8,8,     55
2026-01-28 18:57:32,1477230,4.0,0.0,9,0,     57
2026-01-28 18:57:34,1477230,4.0,0.0,9,0,     59
2026-01-28 18:57:36,1477230,3.9,0.0,9,0,     61
2026-01-28 18:57:38,1477230,4.0,0.0,9,2,     63
2026-01-28 18:57:40,1477230,4.0,0.0,9,2,     65
2026-01-28 18:57:42,1477230,3.9,0.0,9,2,     67
2026-01-28 18:57:44,1477230,3.8,0.0,10,0,     69
2026-01-28 18:57:46,1477230,3.7,0.0,10,0,     72
2026-01-28 18:57:49,1477230,3.6,0.0,10,0,     74
2026-01-28 18:57:51,1477230,3.9,0.0,10,2,     76
2026-01-28 18:57:53,1477230,3.8,0.0,10,2,     78
2026-01-28 18:57:55,1477230,3.7,0.0,10,2,     80
2026-01-28 18:57:57,1477230,3.9,0.0,10,4,     82
2026-01-28 18:57:59,1477230,3.9,0.0,10,4,     84
2026-01-28 18:58:01,1477230,3.8,0.0,10,4,     86
2026-01-28 18:58:03,1477230,3.9,0.0,10,5,     88
2026-01-28 18:58:05,1477230,3.9,0.0,10,6,     90
2026-01-28 18:58:07,1477230,3.8,0.0,10,6,     92
2026-01-28 18:58:09,1477230,3.9,0.0,10,7,     94
2026-01-28 18:58:11,1477230,3.9,0.0,10,8,     96
2026-01-28 18:58:13,1477230,3.8,0.0,10,8,     98
2026-01-28 18:58:15,1477230,3.9,0.0,10,9,    101
2026-01-28 18:58:18,1477230,3.9,0.0,11,0,    103
2026-01-28 18:58:20,1477230,3.8,0.0,11,0,    105
2026-01-28 18:58:22,1477230,3.9,0.0,11,1,    107
2026-01-28 18:58:24,1477230,3.9,0.0,11,2,    109
2026-01-28 18:58:26,1477230,3.8,0.0,11,2,    111
2026-01-28 18:58:28,1477230,3.9,0.0,11,3,    113
2026-01-28 18:58:30,1477230,3.9,0.0,11,4,    115
2026-01-28 18:58:32,1477230,3.9,0.0,11,4,    117
2026-01-28 18:58:34,1477230,3.9,0.0,11,5,    119
2026-01-28 18:58:36,1477230,3.9,0.0,11,6,    121
2026-01-28 18:58:38,1477230,3.9,0.0,11,6,    123
2026-01-28 18:58:40,1477230,3.8,0.0,11,7,    126
2026-01-28 18:58:42,1477230,3.9,0.0,11,8,    128
2026-01-28 18:58:45,1477230,3.9,0.0,11,8,    130
2026-01-28 18:58:47,1477230,3.8,0.0,11,9,    132
2026-01-28 18:58:49,1477230,3.9,0.0,12,0,    134
2026-01-28 18:58:51,1477230,3.9,0.0,12,0,    136
2026-01-28 18:58:53,1477230,3.8,0.0,12,0,    138
2026-01-28 18:58:55,1477230,3.9,0.0,12,2,    140
2026-01-28 18:58:57,1477230,3.9,0.0,12,2,    142
2026-01-28 18:58:59,1477230,3.8,0.0,12,3,    144
2026-01-28 18:59:01,1477230,3.8,0.0,12,3,    146
2026-01-28 18:59:03,1477230,3.7,0.0,12,3,    148
2026-01-28 18:59:05,1477230,3.8,0.0,12,3,    150
2026-01-28 18:59:07,1477230,3.8,0.0,12,3,    153
2026-01-28 18:59:09,1477230,3.7,0.0,12,3,    155
2026-01-28 18:59:12,1477230,3.8,0.0,12,3,    157
2026-01-28 18:59:14,1477230,3.8,0.0,12,3,    159
2026-01-28 18:59:16,1477230,3.7,0.0,12,3,    161
2026-01-28 18:59:18,1477230,3.8,0.0,12,3,    163
2026-01-28 18:59:20,1477230,3.8,0.0,12,3,    165
2026-01-28 18:59:22,1477230,3.7,0.0,12,3,    167
2026-01-28 18:59:24,1477230,3.8,0.0,12,3,    169
2026-01-28 18:59:26,1477230,3.8,0.0,12,3,    171
2026-01-28 18:59:28,1477230,3.7,0.0,12,3,    173
2026-01-28 18:59:30,1477230,3.8,0.0,12,3,    175
2026-01-28 18:59:32,1477230,3.8,0.0,12,3,    177
2026-01-28 18:59:34,1477230,3.8,0.0,12,3,    179
